fips,effect,pop
10001,-7.39015486971897,98343
10003,-27.132432333988305,336112
10005,-19.01504648806192,113848
11001,-70.78964611239745,439371
15001,-10.94417293233991,112180
15003,-33.004918870617416,594706
15005,359.2129515340485,63
15007,-40.63203638130996,40817
15009,-33.90445550081108,97209
17001,-9.306316970221374,38026
17003,140.61919258801117,4366
17005,63.453420722679056,10698
17007,11.03645197376133,30683
17009,-60.307628607900824,4800
17011,20.5131517440364,19130
17013,-171.1641853525431,2760
17015,-44.87207866258593,8265
17017,-21.84126421346842,7585
17019,-20.641342863482777,129768
17021,-48.36869896436327,19942
17023,-15.222221128214104,9158
17025,12.119075027157969,7710
17027,-20.942520737418533,22924
17029,-46.20059524602364,33018
17031,-33.49492179353038,3242808
17033,14.491828595433446,11678
17035,-35.04524946606894,6269
17037,-26.477953341531617,64616
17039,30.979928402571602,9570
17041,62.846252388526636,11149
17043,-30.85450906758456,564579
17045,-48.89675519438556,10206
17047,-104.17832148046122,3763
17049,-32.99398321045618,19737
17051,20.65260123148984,13013
17053,-9.31368510129661,7634
17055,11.110201566768907,22115
17057,-12.014272637830764,21290
17059,-73.3159517098781,3040
17061,72.7505875338721,7881
17063,-1.2177028087679957,29628
17065,-139.47723937115867,4619
17067,-1.3823254093994848,10329
17069,46.18782956111272,2305
17071,23.94442383287501,3895
17073,-18.340842012182605,28163
17075,72.28827029187438,15958
17077,-7.321795658922184,38317
17079,7.861808035488281,5501
17081,-55.54510703737048,22743
17083,39.961867125329405,13213
17085,29.094775533597456,12228
17087,-27.031490760685145,7651
17089,-28.719758198664692,306232
17091,18.202651750670476,65037
17093,-38.728493437054624,70074
17095,-25.22108670080904,30121
17097,-25.621606963303236,415860
17099,20.49616808756035,65230
17101,23.160639571750444,10340
17103,-5.046529432501828,20898
17105,-23.005166259149902,22741
17107,74.17637476788533,18103
17109,3.441484352170505,20037
17111,-4.901626034050395,185197
17113,-15.915763096680934,108171
17115,11.37545172639473,62882
17117,9.377920041949018,26986
17119,13.650017979660845,160495
17121,41.61802033032188,21919
17123,58.861394255079155,6809
17125,-81.75946212569775,7984
17127,75.3484491317051,8451
17129,-33.903718142834364,7312
17131,32.698377585537386,9026
17133,-27.872332334310613,19797
17135,-32.703192895374585,17526
17137,-49.79461825138929,20670
17139,-14.015861856572542,8092
17141,-17.07076447384827,30021
17143,-10.227832487544596,110654
17145,-21.570827782001352,13302
17147,9.157898066855097,9416
17149,16.566322523938425,9048
17151,-56.203233434148295,2525
17153,14.624344804728736,3332
17155,110.81436454920666,3393
17157,-18.041104712606895,20298
17159,-9.359379984519814,9090
17161,-23.011974834081663,85158
17163,-15.94946601484028,159199
17165,-23.057780956680205,14124
17167,0.5184648731703589,118628
17169,37.92401055769662,4361
17171,88.31885279681005,2985
17173,15.130824539596773,12367
17175,106.974706903573,3138
17177,34.21454148106871,26089
17179,10.36615598830764,79506
17181,29.028370469167037,10195
17183,51.44767046222845,45459
17185,-73.62208536589937,6711
17187,-80.15739570460485,9916
17189,18.278688755662984,8473
17191,-69.08904597057497,9224
17193,88.51463366024757,7974
17195,-25.552750299921676,32506
17197,-16.30085761048346,404656
17199,-58.4285794369094,39362
17201,15.509563324304885,169422
17203,-22.228513740346585,22215
19001,-21.363259058850346,4039
19003,-64.99032587699446,2171
19005,-28.032647342897178,7801
19007,-30.384827525979738,6958
19009,207.11981565213324,3122
19011,-16.16566459636985,14663
19013,2.4305012104005925,79905
19015,-78.76306713795366,15313
19017,-10.177475523504711,13675
19019,-73.44393853960393,11613
19021,-111.3626586376673,11615
19023,24.40468790778438,8058
19025,-18.41072796924071,5437
19027,29.020938850629534,11263
19029,7.395399612867916,7336
19031,-65.64603675538484,10414
19033,60.06144842513979,25099
19035,52.07171437166143,6561
19037,-71.2262730949785,6736
19039,-53.03591656000919,5204
19041,-37.98034025371625,9225
19043,22.589606474641613,9819
19045,-9.784182288332197,27479
19047,-51.57868126005107,9444
19049,-23.219812361567392,43771
19051,-36.859514316989305,4527
19053,37.553563101550225,4438
19055,-34.23089007059056,9809
19057,-12.78780225137772,22800
19059,12.023753006621206,9421
19061,-24.818703542460412,55465
19063,-28.727971242805566,5627
19065,-2.8301035556508367,11271
19067,4.4252701416839955,8677
19069,-71.56958728442268,5826
19071,43.540723951237986,3891
19073,-71.76848053834193,4967
19075,-2.117598891021487,6746
19077,-26.474852248045735,5816
19079,-15.077074965749006,8510
19081,-75.63026297947049,6122
19083,-23.675161401692193,9354
19085,-55.46669306264202,8110
19087,-34.930385785663105,11587
19089,-48.33399294071042,5072
19091,45.49888968833514,5269
19093,-89.04532106941741,3767
19095,-32.53644917038744,9188
19097,-74.1549397307079,10897
19099,16.627946200815174,21112
19101,-59.3627387372083,10509
19103,-31.40211456776632,90468
19105,-48.737060052520945,11983
19107,33.89735392005971,5673
19109,-34.170800080345046,8194
19111,31.44837195721391,20820
19113,-7.661445442668281,128558
19115,-4.6500644033622365,6491
19117,37.71091147942227,4683
19119,-1.1589482525243966,6230
19121,-37.08133698221209,8646
19123,30.765214627946563,12689
19125,-62.853062736622476,18545
19127,-87.90349296071604,22643
19129,-19.921113165729118,8595
19131,0.22163268654855983,5579
19133,32.63571408836307,4761
19135,57.4491362544134,4446
19137,75.36729212763147,5646
19139,-21.809394061300566,24548
19141,-47.27661940023738,7609
19143,55.30206110327558,3408
19145,-69.68055939488139,8960
19147,3.6984901023475487,4953
19149,-11.34917886699236,13730
19151,-96.64277265309977,3824
19153,-23.55298119297393,274853
19155,13.060721683389062,53934
19157,32.20701516361807,10327
19159,52.05964727558718,2505
19161,9.804832978133412,5342
19163,-26.157125003281692,101162
19165,15.27760738173869,6321
19167,-18.856438778436882,18763
19169,-12.185428501317062,59003
19171,49.32614830846869,9519
19173,32.43256743101968,3333
19175,109.05684022746163,6937
19177,82.6202385797532,4048
19179,-19.096083518406775,20487
19181,-9.863868558521062,26954
19183,-33.85861084723291,12056
19185,12.550112904521079,3301
19187,7.495011978959248,21278
19189,31.769928195500967,5904
19191,-18.604407025296666,12005
19193,-23.820532746775967,58539
19195,49.381914950576615,4240
19197,-60.63926632512135,6936
21001,-19.761703498962174,10977
21003,3.167890106524979,11800
21005,85.17819300449003,13031
21007,-0.5104560325036971,4727
21009,39.31828640854515,24768
21011,20.910494434572797,6829
21013,49.07232422466501,16630
21015,-6.01093661946868,74040
21017,33.26315083368932,11491
21019,75.35136168946953,29009
21021,21.803614678297336,16844
21023,152.92785478499997,4948
21025,158.62608936762587,8321
21027,46.26559903596633,11469
21029,31.68874058869143,46934
21031,13.011300431957991,7380
21033,-38.18034200974249,7275
21035,-26.61053472140877,22868
21037,22.419258266327205,55651
21039,44.54296845833909,2772
21041,101.68317163056992,6335
21043,47.91951507721886,16041
21045,106.02718326071478,9100
21047,-27.566499606308,43370
21049,34.054967387801895,20997
21051,4.677045534190086,13571
21053,-32.368449873495564,5834
21055,-0.3627040222667546,5233
21057,-82.79293569220178,3768
21059,13.024331990402963,56577
21061,97.23622597821237,7022
21063,30.478526268015212,4750
21065,157.9762597559893,8605
21067,21.5160516522522,197598
21069,-16.166707818307884,8415
21071,71.2685115978548,23573
21073,35.81617615409377,29908
21075,-117.20141924914071,3740
21077,149.961775146138,5018
21079,96.20295469955609,10074
21081,57.147123214862724,14357
21083,-9.710826274846227,21071
21085,-31.739662418390424,15167
21087,33.199352819311564,6472
21089,26.598947099342674,20998
21091,-98.53442842060878,4945
21093,12.475425018620086,65069
21095,66.74654491994681,17047
21097,-32.758066625677415,10859
21099,20.42856912679771,10620
21101,23.567413979228707,27485
21103,3.7897227975047514,8968
21105,-58.08459321473332,2604
21107,55.19695852685366,27213
21109,-15.121328001901787,8084
21111,21.808697826434774,460002
21113,72.91338220549996,29682
21115,26.137184740678663,14049
21117,51.73862835008214,99469
21119,32.51730158552073,9809
21121,53.55926310066553,18292
21123,8.961208960607962,8247
21125,45.91311660495181,35703
21127,0.012331050893521933,9465
21129,37.90974778409978,4571
21131,110.80565272706889,6781
21133,36.15725405313202,14317
21135,79.49392017635688,8120
21137,79.6824951542784,14113
21139,85.78861064737195,5479
21141,-2.2883317252769686,15344
21143,93.39915595864596,5076
21145,-29.478222215381834,38117
21147,76.90043069258834,11129
21149,12.923101287151212,5324
21151,23.495192640167858,52484
21153,-2.1728101387581944,7868
21155,-21.556928786586376,11912
21157,57.948798798730934,17801
21159,0.9522905837033875,8123
21161,51.005328845946366,10042
21163,65.97567168568641,17734
21165,28.457547412671957,3638
21167,29.868753603111696,12200
21169,92.3105154488742,5664
21171,-41.62959785385695,6115
21173,77.76166799093345,16285
21175,-1.2031846922536147,8696
21177,3.409004340659635,18394
21179,13.595995537696226,26515
21181,37.43871885361901,4070
21183,28.6470335093574,13690
21185,-11.489052059317629,37161
21187,-19.860594093460612,6211
21189,102.4839099162362,2768
21191,-56.62094973153576,8884
21193,81.9535206836672,17306
21195,-3.725207794186929,38771
21197,132.41871017896545,7474
21199,56.84553327399976,37010
21201,-45.326492582828365,1258
21203,-21.816460919083283,9905
21205,52.21501562506717,14333
21207,91.07749622960479,10133
21209,50.53241368269934,30340
21211,23.56927733688444,26327
21213,36.02150718831634,10292
21215,3.1132952311369593,10833
21217,21.532309177074296,14089
21219,-59.281648025162085,6959
21221,-20.25426743175987,7947
21223,179.71113095590434,5162
21225,62.283243376912694,8866
21227,-1.1702361793244762,72351
21229,42.40008010032135,6788
21231,84.044547796276035,12101
21233,-63.55378917665027,7992
21235,124.79403017985754,20694
21237,47.05483675765407,4165
21239,-5.709144437222122,15078
24001,24.50320689855881,44012
24003,-23.53943102018792,342995
24005,3.471398494776608,494505
24009,-9.426013624592471,54549
24011,19.027398708636056,19226
24013,6.558315855137209,99710
24015,25.241183443101203,61745
24017,-23.2706669885837,93952
24019,49.281760625440015,18818
24021,-14.965382932415565,146459
24023,20.14767719210988,17344
24025,-12.468970621047418,150057
24027,-26.623700823255774,185562
24029,-52.679268433670416,10899
24031,-21.244419445213794,618603
24033,-41.75793920427742,563547
24035,20.53703443007224,28320
24037,-33.23277345285041,66279
24039,-6.189523683945936,16585
24041,-62.47977148848882,20294
24043,28.025607583101646,90053
24045,-4.195202062549953,59545
24047,30.425584849965258,28556
24510,-12.665225245822,397209
25001,13.400104951470468,117538
25003,23.349938418713023,75624
25005,12.13003952035649,334362
25007,-20.29896625450013,10458
25009,-7.304153755376859,456135
25011,16.497432115299134,44181
25013,-22.149564244263757,275492
25015,-35.47764455007518,99159
25017,-31.349177117852946,970253
25019,31.483769704260254,6719
25021,-21.297110762201214,413447
25023,4.189644134135136,295382
25025,-49.32250318113526,510888
25027,7.726999791580539,492670
26001,45.874653522033924,5349
26003,-5.498452055523259,5696
26005,4.458361911994558,65102
26007,22.08185335367009,16658
26009,-23.97454186064862,12547
26011,30.692036352901354,8847
26013,79.9930073006015,5241
26015,-8.541736769064286,34169
26017,-9.395869975841514,62871
26019,-68.23640427849715,9660
26021,13.6006216446889,89109
26023,-16.91802495732533,25195
26025,7.820951824718993,78277
26027,-30.33065342193285,29637
26029,-19.058897148291635,14750
26031,-42.30859375968123,14338
26033,-6.645185695323647,23958
26035,40.61082864639732,17289
26037,-34.338029139971724,45706
26039,53.850678441109665,7796
26041,-32.95514718340134,20999
26043,-20.237615931634565,15072
26045,-3.698562543119351,64430
26047,5.6682457218343245,19072
26049,17.209189684810283,243025
26051,-24.08132888862191,13814
26053,-8.804129353872113,9433
26055,-24.054917002524547,54137
26057,-7.7562674571423145,25194
26059,12.610186692235175,26361
26061,-14.671271964449147,20828
26063,69.91493467485705,17821
26065,-11.41085144924213,176041
26067,-10.613871684990613,39257
26069,-0.9648030629515176,13656
26071,4.693746576452138,6160
26073,-25.7430612242797,44505
26075,12.75657057895026,95342
26077,-27.396571892974407,156898
26079,-52.948306854413026,9922
26081,-28.94287737134823,373100
26083,-25.557277386024936,1121
26085,5.518068882723355,6286
26087,-7.639887861919661,52622
26089,11.510263412651938,11589
26091,22.34947612489637,58234
26093,-20.49634576464851,110186
26095,28.342264542047687,3972
26097,34.621366007692814,6193
26099,-4.707997128760482,515967
26101,1.0213006864906973,14087
26103,12.127666961720124,41622
26105,-68.93353213605997,16179
26107,9.65432485512828,24986
26109,-35.42936386780986,13628
26111,-8.94387957599659,49576
26113,18.897684393651858,8363
26115,9.711736933709432,89675
26117,-3.8755615889772272,37239
26119,35.59408147660429,5044
26121,8.104601130025102,100250
26123,-19.04118973050491,27336
26125,-24.655261145467477,746206
26127,16.001226296787536,14416
26129,51.34188318603471,11715
26131,39.45669808515942,3405
26133,-19.313243990927532,12892
26135,-49.8043763473088,4446
26137,41.95233497256539,13747
26139,-27.37919664203602,157627
26141,20.86060072072531,6990
26143,89.08161352466038,12812
26145,-12.695604786302741,113913
26147,8.612197367505003,94922
26149,1.2434797282506551,34346
26151,4.3376647111606275,23467
26153,-35.79872589362598,4607
26155,-23.172759559718806,40534
26157,11.460090272746186,31668
26159,-5.59232538966279,43602
26161,-31.116370954785936,224506
26163,-8.79339306149835,1057887
26165,-32.54532925974513,18628
27001,73.11454298228163,8110
27003,-13.713331794986573,209113
27005,-58.6577605444141,18153
27007,-18.79094940462977,25965
27009,9.229670660104347,23629
27011,-16.95405927208118,2665
27013,-8.728955429521392,40532
27015,-52.87339873690121,14076
27017,2.4596362152037443,20855
27019,-26.578247102915384,56751
27021,31.021584630998298,15274
27023,-37.22704167292919,6639
27025,-1.1420199483280555,32423
27027,5.4702480663361825,35901
27029,108.8802133861549,4790
27031,54.813226723644846,3004
27033,-13.132030590417102,6054
27035,-16.478199229993933,35104
27037,-33.73892983038874,248423
27039,-8.224043508503598,11517
27041,25.597913050036567,20313
27043,63.49039673749233,7692
27045,-16.143280637709154,11297
27047,27.942271608068992,16999
27049,2.1308417951877345,26273
27051,52.58060118509309,3205
27053,-33.97311852391158,755414
27055,-20.585873748739516,10718
27057,-55.522649447549185,11158
27059,40.43387055974617,22459
27061,-8.863878179389673,25568
27063,-50.35191669170791,5680
27065,-12.749046134954654,9175
27067,-2.319731002723188,24199
27069,105.52377863846631,2386
27071,-36.690849545284316,7480
27073,-39.289972980486866,3674
27075,-55.15452119370621,5989
27077,-99.84279948093598,2264
27079,-29.743683959506058,15934
27081,34.33458888897012,2953
27083,-21.71835073631499,14718
27085,-32.050324019345936,20344
27087,305.2916186035295,2799
27089,2.566227613683253,5191
27091,18.58123301459888,11207
27093,-13.725914882648738,12830
27095,18.823693321248314,14440
27097,-50.61505097316845,18684
27099,-5.211372866498721,21805
27101,30.96914160019037,4478
27103,-73.85822535142776,19821
27105,-2.2684929565712935,11978
27107,62.974798645778876,3493
27109,-23.328461981744795,88600
27111,-25.796257668063276,31428
27113,-79.17279113549938,8216
27115,47.53228000816918,17215
27117,14.853217791532359,4912
27119,-8.973300604345283,17870
27121,-61.29553370154662,5985
27123,-26.967944757543478,321110
27125,-25.19904414212118,2273
27127,-14.379855627236125,8322
27129,-23.168134750351484,8363
27131,-32.23422604441171,38484
27133,-111.33579922693434,5007
27135,-8.529788993356874,8896
27137,-23.176640322526893,120811
27139,-35.14192931037894,81887
27141,-34.10392407658637,54254
27143,-18.034744213805823,8427
27145,-24.266562882155426,90640
27147,-2.3089921531777406,20639
27149,-44.719041719202124,5393
27151,-34.62586427671633,5263
27153,-6.811486057525201,13391
27155,24.06550707548402,1742
27157,-35.37891928393404,12198
27159,148.67977702194966,7161
27161,-16.34561826303684,11299
27163,-20.72581158974927,147523
27165,-15.918682052628697,5994
27167,15.742939766363989,3642
27169,11.918556279876526,31063
27171,-33.304869216547786,74287
27173,-30.02330455798038,5542
32001,-7.37242808836703,13589
32003,-34.94654192772403,1230419
32005,-13.340982787711965,26354
32007,-50.856801254536094,31540
32009,-176.46445267466748,472
32011,-150.0617546704352,1262
32013,50.599870326088066,10397
32015,-61.311529362740146,3470
32017,-29.971504942929954,2879
32019,-14.233799550088108,28765
32021,-218.56151224752017,2539
32023,-10.665612023457527,22153
32027,-39.397959671385834,4512
32029,-91.0607715919369,2291
32031,-31.128926489445263,263341
32033,-55.487578692922774,6149
32510,69.70839061032561,31570
34001,-6.017840559927901,163994
34003,-40.879238327338356,554628
34005,-3.5657591605282732,272236
34007,-14.599427038973587,308777
34009,6.264155826384076,54170
34011,29.704520649258782,95205
34013,-43.16309025572377,480651
34015,-14.55406734874066,175501
34017,-58.54451646961675,441344
34019,-9.359771818053161,76873
34021,-28.40069327285721,225894
34023,-39.56860187831444,510942
34025,-28.969761809992576,375678
34027,-34.5834981099257,298025
34029,-9.427344409626556,307903
34031,-36.647179457064794,302037
34033,-18.209406256231432,38183
34035,-27.679144082497487,199181
34037,-0.6843418776306578,89634
34039,-40.20416015166069,332229
34041,-0.14057528990409196,64491
35001,4.797357938445629,408504
35003,-99.03933228526995,1826
35005,7.215059978098282,36082
35006,20.734286575092582,16203
35007,36.919321494473735,7275
35009,32.54062045835383,29537
35011,165.1504122173337,1005
35013,-33.2248227574061,120791
35015,-14.401777758402709,31814
35017,18.327942076764586,15483
35019,54.340071523351924,2718
35021,-57.654242847999626,360
35023,31.63244382077562,2517
35025,-6.878755550273581,38550
35027,108.66667124063076,10849
35028,-23.238464952520673,10278
35029,-25.682511799261917,12561
35031,103.82157257502428,41150
35033,-8.095215668228889,2675
35035,-3.7571594377706248,37531
35037,12.061596093641413,4672
35039,71.18459291278981,23009
35041,-0.22183685147140864,11450
35043,4.416146165940106,79370
35045,70.48754072996859,72651
35047,-3.0793943852168724,16758
35049,-10.900059203131846,87821
35051,66.17167437441424,5761
35053,-7.2882821347891,9939
35055,35.06195667664773,19076
35057,-9.218814931234618,9039
35059,-25.366961327465077,2633
35061,-4.8733533507668945,43981
36001,-33.62196114022626,189572
36003,3.166480557164917,27239
36005,-57.29229877205893,852287
36007,-0.22388913573404068,116217
36009,-12.260372026491417,45494
36011,-2.6482359230879524,47919
36013,30.836428345012024,77001
36015,19.77438825749944,52254
36017,5.441779552536005,28643
36019,-16.721025127212613,51201
36021,1.349038157703248,36526
36023,-19.347068660391912,29157
36025,-34.72349852712131,26358
36027,-35.30702565902783,180467
36029,-10.475872527705278,552526
36031,-26.56614167849959,23179
36033,-19.792980535215165,32446
36035,3.5211973069816906,32430
36037,-6.005848107840549,35396
36039,-25.848530264098358,29087
36041,-48.43519732485568,2724
36043,18.91019754761865,36973
36045,-32.936670525136805,72790
36047,-71.84683632448903,1618535
36049,-6.7228441327596045,15638
36051,-17.585253383367842,39227
36053,-18.062821418517217,42706
36055,-17.72486890051138,449712
36057,-0.983765253960641,28727
36059,-37.19214930756675,796137
36061,-66.58609865668558,1119920
36063,-0.9303614965976763,128400
36065,0.742484520824874,136923
36067,-5.114272252140893,279088
36069,-15.45816351152024,64171
36071,-25.230843237615687,219300
36073,20.85071607903572,25774
36075,19.732229519618613,73164
36077,-24.555576285123962,36346
36079,-9.629476321117806,61074
36081,-48.96394664030342,1469120
36083,-26.316746247802243,98234
36085,-35.106904587004806,288191
36087,-42.990672943959765,176330
36089,-36.25814867905086,66311
36091,-16.855026839623378,136171
36093,3.819404927888428,92720
36095,3.4248339393828218,18649
36097,15.663907121163405,10983
36099,29.194334844433925,21364
36101,5.983301866673187,57370
36103,-16.897829778980963,896663
36105,-43.93316409015986,45753
36107,9.500365682727306,29121
36109,-16.9937538553703,66029
36111,-8.071491203163674,111093
36113,13.516770082352082,38785
36115,-16.553827174676115,38173
36117,8.000234129714329,54734
36119,-45.36838428047545,568002
36121,12.758034836933007,26382
36123,-1.9283981690413157,13909
38001,-31.95345450497291,1301
38003,25.575151272740868,6294
38005,16.578054015064197,3502
38007,36.719589217534605,557
38009,84.08067314367271,3693
38011,-84.4620228552219,1740
38013,-31.95345450497291,1318
38015,-17.190301009214778,53432
38017,-12.314305430996484,103993
38019,-71.39038438473514,2022
38021,-24.570694964373757,2701
38023,-31.953454504972882,1275
38025,3.187726755393598,2551
38027,-31.95345450497291,1272
38029,111.03938680933909,1717
38031,-31.953454504972882,1822
38033,-31.95345450497291,1003
38035,-32.53021096873189,43961
38037,-31.953454504972882,1239
38039,-31.95345450497291,1183
38041,26.839583733419033,1379
38043,-95.3047457069317,1367
38045,-84.4610504218576,2154
38047,210.77777208099667,965
38049,-72.70066315872536,3302
38051,-31.95345450497291,1288
38053,-169.42620140815984,5565
38055,-19.705048672073097,5271
38057,110.7756413055695,5062
38059,-38.41321993354974,17326
38061,5.145699892598486,5771
38063,36.398713013313355,1602
38065,-31.95345450497291,1086
38067,28.399105776172206,4019
38069,19.889181179187503,2368
38071,-48.422766233530766,6552
38073,28.293838271583297,3001
38075,-31.95345450497291,1470
38077,53.95600668064236,9450
38079,-14.982179675557973,7812
38081,-9.2645654810525,2226
38083,-1.7071012416195686,677
38085,165.19383588475318,2312
38087,-40.15298438913845,429
38089,-11.78243065872391,17181
38091,-91.75854779834069,1041
38093,30.495340849867603,12561
38095,-31.953454504972882,1244
38097,122.5428714796831,4597
38099,-16.377342308251578,6054
38101,-63.74257757361988,42240
38103,-50.09027243887424,2182
38105,-98.17422823328499,18564
39001,55.73411745226505,16113
39003,52.960487456996844,60995
39005,-4.1183230457796185,29960
39007,30.951650649587542,58103
39009,-17.82828248135442,41108
39011,-52.72145918163241,26042
39013,45.48545094071856,42006
39015,46.88339607056176,25672
39017,39.94388424805565,219998
39019,42.936541420209736,16223
39021,23.203310723666444,22717
39023,66.0833543569313,77737
39025,16.34363943704507,119870
39027,-4.631422632474944,24398
39029,18.31412724002375,62582
39031,-59.925885438605306,20911
39033,60.693015762922236,24206
39035,4.064855511034839,751732
39037,31.66944118697677,28902
39039,51.19842049151667,21964
39041,-31.66962498477335,108231
39043,64.27156110921517,43728
39045,-28.388748232897484,87438
39047,28.30382291519038,16643
39049,-17.74755309952289,762199
39051,-9.808203921365191,24395
39053,66.50375084171542,17614
39055,-10.381319088356861,52052
39057,2.6156848052645216,97905
39059,19.565550425677714,22829
39061,16.19971160183465,482669
39063,33.12993638424989,44538
39065,-19.25267760390727,18246
39067,11.071036161868463,9025
39069,20.57266310059417,15928
39071,15.022933055277477,24540
39073,-51.545123306096386,16610
39075,-14.72818246047666,22475
39077,5.261114488372556,33813
39079,73.54881478077374,19196
39081,-33.20868013853715,39651
39083,-15.307911318092778,34664
39085,9.343527331187303,135734
39087,115.33360317784185,36179
39089,0.10710669374462611,98653
39091,16.216112973123707,26053
39093,13.343800593173285,176968
39095,19.09212531591779,261028
39097,5.267009677059519,27038
39099,-2.430454881501902,136056
39101,84.4863245272943,40369
39103,2.466477272216167,102852
39105,26.02950090707226,13789
39107,-19.1024685504713,22632
39109,-6.595268476265844,59539
39111,-6.632086043642552,8172
39113,60.353060149155134,314262
39115,-33.29371476494033,8477
39117,1.6926735823804862,20243
39119,12.697469647996375,49170
39121,41.33865865147844,8272
39123,27.030408020318006,23417
39125,-12.72493125112944,10968
39127,3.138185128557936,21063
39129,9.197278912008194,34197
39131,61.79086079286077,16433
39133,7.962798383223387,99878
39135,72.13320885111013,24079
39137,-10.320672166027208,19372
39139,58.173071646103,70639
39141,13.993460080392232,47765
39143,40.42982406084852,34671
39145,64.92293564636535,46041
39147,-36.434102994746134,32385
39149,2.1907312695435195,28034
39151,38.020815465218284,218057
39153,30.276665059611503,323862
39155,39.98021479939931,119311
39157,2.118849284349153,53055
39159,-25.89353831138405,32323
39161,14.97768466214405,16025
39163,76.82340043365109,7914
39165,-7.332536617548186,129190
39167,15.857033416878867,35751
39169,-0.09603312392555097,64942
39171,43.03804817552792,21540
39173,-20.291988236460753,78161
39175,-12.330295063747059,12740
4001,43.07024144365795,39014
4003,-16.2685220804846,71947
4005,-9.078782821705602,84114
4007,101.19353448123053,27398
4009,-27.717964639164563,21144
4011,-104.10769718054841,5189
4012,46.361175287628726,9193
4013,-21.520844681648924,2350187
4015,-8.726277647084828,107627
4017,-24.137229555527227,57721
4019,-24.29503294781884,573660
4021,-30.533077479819895,216755
4023,-47.089758038053816,24634
4025,-7.602768556769703,113674
4027,-26.388403446545112,107111
41001,-74.34287336855394,8688
41003,-35.99029142033379,54752
41005,-25.465277358262938,231527
41007,-3.762686799158601,22103
41009,-52.52170116907879,28912
41011,24.559057443064674,35059
41013,54.53606042422153,11405
41015,-18.23417292915667,11689
41017,-41.67963280731013,97415
41019,34.75723935076134,59126
41021,-17.105591137429546,1091
41023,-65.61904339109824,3886
41025,11.09710667581379,3957
41027,-39.93487896028651,13350
41029,-12.838358823647447,118845
41031,-103.3682450816898,11568
41033,-22.34243927228158,44983
41035,54.559197753794834,37602
41037,53.07494231641114,4475
41039,-28.91891577318161,216327
41041,29.778384309331415,26507
41043,-16.603780451945717,68438
41045,13.155546561604837,17177
41047,-34.799410173792694,186005
41049,-46.467534250706734,6260
41051,-51.58342654272522,508843
41053,-45.500471154614246,43148
41055,-17.105591137429553,952
41057,-6.93155099336839,14199
41059,-5.414378571617306,44402
41061,-19.270564849511246,14418
41063,79.00308676226014,3708
41065,15.69311543631401,14351
41067,-41.46085861282219,342220
41069,-17.10559113742955,668
41071,-12.85856497396955,58067
44001,-2.5722365033853123,28497
44003,-29.87402113176647,101191
44005,-28.96107951583042,48850
44007,-14.656497030973583,385725
44009,-21.466084561840034,74664
50001,-66.92618143897622,22211
50003,40.57031359244125,20863
50005,-3.5754299252853485,18337
50007,-11.349611072251605,100919
50009,78.62330882672477,3618
5001,28.259094877159185,10813
50011,34.055254116903924,29434
50013,77.3906507631564,4336
50015,10.408978212062038,15206
50017,-16.958714202780385,17448
50019,15.330702027137676,15672
50021,27.63628069052872,36223
50023,-3.596210818608597,36012
50025,-30.697693184535048,26399
50027,-20.53960296003133,33129
5003,20.74028513261098,11989
5005,-32.22515796881402,20765
5007,-40.382356813594555,136922
5009,57.20231557623451,20921
5011,2.1466251743529483,6352
5013,114.47930882712947,3167
5015,-11.959123667490914,15382
5017,-18.046849739106676,6342
5019,-7.442255648625865,13197
5021,20.440775542653455,8579
5023,6.402406203675113,13785
5025,127.89485720601398,4786
5027,-85.09246035766937,13649
5029,-25.721786810259047,12022
5031,-65.45694828402739,59982
5033,-29.587836813512496,35509
5035,-15.849558575401346,28602
5037,-49.599607958874316,9849
5039,39.24078809282233,4409
5041,43.19797636289667,6909
5043,109.61093013787192,10765
5045,-22.241065014927315,73551
5047,39.25486855727016,10073
5049,68.08985419405971,6512
5051,-14.835737954046664,54174
5053,42.846308772323084,10490
5055,49.08630975078495,25003
5057,-8.828880233377603,12498
5059,77.0136263397925,19797
5061,-14.697391574894468,7480
5063,4.352652952882899,20967
5065,33.86204062593691,7336
5067,17.868742360697198,10784
5069,75.57837693006513,43074
5071,4.5297963357104045,14758
5073,-44.8666599267988,4073
5075,28.507243283700234,9415
5077,-50.26268859707784,6153
5079,43.87733633799188,9323
5081,72.52019166966278,7158
5083,5.449235207595635,12294
5085,9.656084219625022,41554
5087,71.50556382336134,8961
5089,-33.52542474127509,8983
5091,22.058842955479733,25593
5093,29.77401716737151,25638
5095,55.49771812216147,4320
5097,99.918736923974,4936
5099,14.683856778251965,4941
5101,-64.66321633980404,4436
5103,37.468035710179606,14292
5105,-32.09653821001301,5940
5107,-25.79235332647511,11105
5109,-41.419643330082394,6234
5111,79.61257322973802,13806
5113,-24.63067090627402,10910
5115,-4.871733788722334,36758
5117,-49.823906617545916,4637
5119,-13.043590069590062,238550
5121,68.31422240699102,9895
5123,-74.27494591431001,16830
5125,15.821385541340788,65566
5127,128.93615636706176,6024
5129,-51.52891278513215,4410
5131,7.321605232186647,74855
5133,-18.58609119084577,9560
5135,58.98508631237675,8817
5137,3.656791068227477,6644
5139,-10.045915413618872,23489
5141,12.330166202482744,9141
5143,-28.820656904202067,130102
5145,12.649529542999332,45353
5147,9.304019780736382,3922
5149,72.63215624533073,12281
53001,-7.797112459137566,9842
53003,-27.959807423494183,12535
53005,-13.819852015493126,106583
53007,-39.37269756369912,41587
53009,-23.30216625701602,39282
53011,-30.325166308650267,261194
53013,91.50359196942607,2155
53015,3.1852424652296034,58027
53017,-5.369649469505333,21890
53019,-32.01153584790252,4350
53021,-55.54489616096379,48386
53023,-118.80246975198597,1230
53025,-17.612556250298354,49850
53027,30.731063887406897,41680
53029,7.097377106455639,45030
53031,-36.70554740489026,16312
53033,-43.35124495329035,1323312
53035,-17.145754178827303,155143
53037,-40.41876315018675,26123
53039,-22.933535005587444,11814
53041,-10.083208567004199,42452
53043,-91.99839236469126,5494
53045,-20.493234840835072,34989
53047,25.60962618806225,22687
53049,16.625212174352498,10966
53051,-5.7349589418274505,7096
53053,-27.67106725691133,500962
53055,-18.558092806059705,8908
53057,-5.485691216899625,67572
53059,-22.284124456302493,6796
53061,-30.69065162207201,467543
53063,-5.069710590395545,289031
53065,-28.57270288763257,23969
53067,-30.87867370283604,159495
53069,-158.39094597856652,2042
53071,-21.609122605725815,34397
53073,-32.28631892656085,126025
53075,-14.532468711742865,30123
53077,-7.161975996095535,135142
54001,14.135619200745651,9696
54003,3.7747152238010484,66017
54005,51.56422513107884,14379
54007,67.21502235611995,8488
54009,10.305683650918041,13780
54011,129.97310483577013,58426
54013,-52.78876481496501,4370
54015,19.30257420702634,5233
54017,-48.403505119317586,5171
54019,77.21343495179457,26884
54021,42.48321286762987,5850
54023,-0.14873686444651923,6704
54025,-5.912408727322273,20640
54027,4.40657446835899,13688
54029,69.78560122587523,17706
54031,27.140878295783814,8129
54033,-27.050814055907324,40671
54035,57.246595126517036,16775
54037,15.364307605494062,33309
54039,74.59766597896845,114325
54041,54.60390896963747,9615
54043,49.7324378900731,12712
54045,43.2076534815032,21932
54047,-33.98215551587043,12601
54049,1.0279016573708049,33751
54051,-1.7223898733019354,19120
54053,59.603197282402164,15827
54055,11.981254539632118,35900
54057,37.52801450779181,15874
54059,91.81209422822991,15879
54061,-19.973636524651283,68893
54063,-20.2979713728148,7517
54065,47.69583959513174,10169
54067,9.302931783951863,15246
54069,-12.1411027730798,25464
54071,-35.0408431594948,4174
54073,16.708099157873832,4572
54075,31.636293119750064,5136
54077,-13.579126087342019,20886
54079,24.240364063130222,33398
54081,40.317523512912345,46920
54083,-15.264852233164216,17413
54085,6.173890939513207,5840
54087,43.41986325897335,8462
54089,122.57247433260832,8209
54091,-15.008731357726472,10229
54093,-51.125825083466296,4058
54095,24.59314001344208,5223
54097,9.676773242273786,14350
54099,100.18824079946205,24275
54101,-58.6410515631658,5139
54103,23.639765497133396,9145
54105,63.853181053058826,3483
54107,69.33504076476413,50539
54109,23.656074688287447,13801
6001,-64.09329623734587,1003843
6003,539.3259849590538,668
6005,-43.05775242425101,21345
6007,-16.182689993409433,131741
6009,-37.41414799418729,24768
6011,-58.78530725477603,11972
6013,-50.84562841565594,655670
6015,16.99182887550139,17200
6017,-32.24000628978081,107527
6019,-29.241617534176683,544652
6021,1.6590090409028875,15556
6023,-12.861077708678192,83742
6025,-9.674751760488391,99859
6027,22.496068659715725,10390
6029,-12.878200272515258,498496
6031,-47.606809919594866,91692
6033,58.29839757645604,36834
6035,-35.22454120470175,21876
6037,-39.010240759023816,6221536
6039,-35.85625570709924,86110
6041,-59.84965884428934,151216
6043,-10.935654485935613,10202
6045,-33.41201004139606,50474
6047,-19.852277833228342,147121
6049,6.794254696975216,5018
6051,12.68414106851489,9336
6053,-24.119922198577058,252480
6055,-48.035492223070605,82259
6057,-28.66022013992648,56534
6059,-33.035080337980986,1904565
6061,-42.87936261415342,209782
6063,-3.960150983796261,10626
6065,-34.465474582012746,1311894
6067,-31.716919771848467,883842
6069,-21.211645137905265,33857
6071,-27.91202041419288,1236030
6073,-47.88197227798631,1995560
6075,-72.59116591306531,591988
6077,-19.804324412118874,404074
6079,-33.026515233366894,166182
6081,-66.44520526072725,462862
6083,-36.349077925755836,257863
6085,-44.7717946284244,1158447
6087,-56.01844825403654,166751
6089,-7.670347038457791,102485
6091,-29.54998075830015,1724
6093,50.53151951489505,24318
6095,-36.11414984229873,260000
6097,-43.093177576174014,299415
6099,-9.48503957592851,303378
6101,-0.4133200447942045,54255
6103,-14.415768037825728,35329
6105,-73.53244271380237,7774
6107,-32.129908246612956,249747
6109,4.696269599242694,31451
6111,-42.32434998583605,499710
6113,-37.410041939851396,126832
6115,11.795139383320723,42607
8001,-38.77590273427916,283449
8003,-6.526917302369753,9430
8005,-35.9388788031207,373632
8007,-50.5152434668869,7061
8009,-225.20210190256938,1900
8011,68.14566286148086,3710
8013,-36.668282978473684,196683
8014,-29.4587608898006,36332
8015,5.033653103384182,11148
8017,11.393116737455557,1043
8019,-49.71686044922528,5997
8021,31.39679998154579,4393
8023,93.71306975005145,1888
8025,-32.029991899473856,3845
8027,159.8368681593048,2396
8029,15.907832719981926,16474
8031,-77.21801966321298,429681
8033,-56.68252373887958,1114
8035,-34.85173284378948,181863
8037,-24.666986927298694,35219
8039,-25.30811132929523,14546
8041,11.186615329748747,397550
8043,-17.751116462185383,28738
8045,-30.543761269722268,34999
8047,-38.76183482766719,3835
8049,30.267200849098316,9503
8051,-19.967678218124206,10234
8053,-1.2167781050970348,465
8055,56.260370312726366,3511
8057,11.393116737455557,804
8059,-34.68315577531328,343465
8061,-1.1011214795086062,760
8063,-40.23079762782544,4700
8065,-18.83587156944202,4634
8067,-13.483392101038703,33795
8069,-15.165641167287248,196711
8071,37.454095190966825,8179
8073,-82.92196290136206,3316
8075,52.98032564886351,13819
8077,-12.794520169405885,85361
8079,-46.343603816816966,443
8081,-9.013176335073098,7834
8083,-39.07439812696714,14573
8085,19.7253402899277,22092
8087,33.44714956578531,15761
8089,73.7867415436075,10011
8091,-13.901105065344467,2641
8093,-33.980101125670444,10684
8095,123.84100570618598,2280
8097,-25.280434286428658,11655
8099,-32.52574022150601,6696
8101,6.978541462750922,92162
8103,64.94809830474604,3990
8105,-3.641535569001576,6588
8107,-39.44919036469739,15699
8109,139.16276448837274,3598
8111,21.230431247335332,451
8113,-49.88581025479755,5323
8115,239.61041061748577,1269
8117,-30.295816106180894,20510
8119,57.6500730547005,14532
8121,11.162555674764064,2682
8123,-19.16180469239154,159461
8125,-70.02615983008883,5481
9001,-36.60780690273714,555676
9003,-23.59231354184692,538489
9005,2.5504107536986567,111885
9007,-5.525719889278349,99852
9009,-21.22025178416908,519265
9011,-8.368555573363295,167022
9013,-9.998353131227816,93012
9015,-20.998477303272935,72159
