"Notes","State","State Code","Year","Year Code",Deaths,Population,Crude Rate
,"Alabama","01","2005","2005",13178,2719031,484.7
,"Alabama","01","2006","2006",13570,2756228,492.3
,"Alabama","01","2007","2007",13446,2782771,483.2
,"Alabama","01","2008","2008",13773,2804655,491.1
,"Alabama","01","2009","2009",13824,2829938,488.5
,"Alabama","01","2010","2010",13827,2845632,485.9
,"Alabama","01","2011","2011",14185,2865535,495.0
,"Alabama","01","2012","2012",14240,2866177,496.8
,"Alabama","01","2013","2013",14513,2870690,505.6
,"Alabama","01","2014","2014",14478,2871384,504.2
,"Alabama","01","2015","2015",14912,2866282,520.3
,"Alabama","01","2016","2016",15124,2855640,529.6
,"Alabama","01","2017","2017",15099,2848871,530.0
,"Alaska","02","2005","2005",1333,417223,319.5
,"Alaska","02","2006","2006",1349,423834,318.3
,"Alaska","02","2007","2007",1453,428049,339.4
,"Alaska","02","2008","2008",1432,433094,330.6
,"Alaska","02","2009","2009",1470,438658,335.1
,"Alaska","02","2010","2010",1509,447453,337.2
,"Alaska","02","2011","2011",1615,455797,354.3
,"Alaska","02","2012","2012",1615,462295,349.3
,"Alaska","02","2013","2013",1646,461683,356.5
,"Alaska","02","2014","2014",1656,461726,358.7
,"Alaska","02","2015","2015",1704,461025,369.6
,"Alaska","02","2016","2016",1763,459451,383.7
,"Alaska","02","2017","2017",1698,454795,373.4
,"Arizona","04","2005","2005",11901,3388802,351.2
,"Arizona","04","2006","2006",12262,3503542,350.0
,"Arizona","04","2007","2007",12127,3579611,338.8
,"Arizona","04","2008","2008",12035,3633378,331.2
,"Arizona","04","2009","2009",12148,3664824,331.5
,"Arizona","04","2010","2010",12320,3690545,333.8
,"Arizona","04","2011","2011",12558,3754432,334.5
,"Arizona","04","2012","2012",12917,3782310,341.5
,"Arizona","04","2013","2013",13225,3809368,347.2
,"Arizona","04","2014","2014",13227,3856831,342.9
,"Arizona","04","2015","2015",13804,3899988,353.9
,"Arizona","04","2016","2016",14395,3941143,365.2
,"Arizona","04","2017","2017",14294,3992893,358.0
,"Arkansas","05","2005","2005",7471,1628661,458.7
,"Arkansas","05","2006","2006",7669,1652564,464.1
,"Arkansas","05","2007","2007",7704,1666836,462.2
,"Arkansas","05","2008","2008",8088,1678393,481.9
,"Arkansas","05","2009","2009",8018,1689759,474.5
,"Arkansas","05","2010","2010",7891,1700007,464.2
,"Arkansas","05","2011","2011",8195,1719098,476.7
,"Arkansas","05","2012","2012",8245,1717848,480.0
,"Arkansas","05","2013","2013",8260,1718092,480.8
,"Arkansas","05","2014","2014",8418,1716376,490.5
,"Arkansas","05","2015","2015",8597,1717951,500.4
,"Arkansas","05","2016","2016",8723,1718063,507.7
,"Arkansas","05","2017","2017",8800,1721072,511.3
,"California","06","2005","2005",60787,21547137,282.1
,"California","06","2006","2006",61319,21722300,282.3
,"California","06","2007","2007",61203,21884022,279.7
,"California","06","2008","2008",60321,22098909,273.0
,"California","06","2009","2009",60957,22345676,272.8
,"California","06","2010","2010",59259,22555400,262.7
,"California","06","2011","2011",60953,22909070,266.1
,"California","06","2012","2012",61364,23101866,265.6
,"California","06","2013","2013",61720,23283465,265.1
,"California","06","2014","2014",62260,23590302,263.9
,"California","06","2015","2015",63723,23783152,267.9
,"California","06","2016","2016",64869,23773923,272.9
,"California","06","2017","2017",64399,23939982,269.0
,"Colorado","08","2005","2005",7904,2880800,274.4
,"Colorado","08","2006","2006",7975,2935806,271.6
,"Colorado","08","2007","2007",8212,2985464,275.1
,"Colorado","08","2008","2008",8552,3034509,281.8
,"Colorado","08","2009","2009",8799,3081005,285.6
,"Colorado","08","2010","2010",8607,3114879,276.3
,"Colorado","08","2011","2011",9139,3169698,288.3
,"Colorado","08","2012","2012",9140,3201566,285.5
,"Colorado","08","2013","2013",9071,3242599,279.7
,"Colorado","08","2014","2014",9433,3289013,286.8
,"Colorado","08","2015","2015",9605,3346869,287.0
,"Colorado","08","2016","2016",10077,3392144,297.1
,"Colorado","08","2017","2017",10048,3429416,293.0
,"Connecticut","09","2005","2005",5878,2092311,280.9
,"Connecticut","09","2006","2006",5901,2106081,280.2
,"Connecticut","09","2007","2007",5864,2115175,277.2
,"Connecticut","09","2008","2008",5893,2126218,277.2
,"Connecticut","09","2009","2009",5910,2139884,276.2
,"Connecticut","09","2010","2010",5953,2151762,276.7
,"Connecticut","09","2011","2011",5974,2158090,276.8
,"Connecticut","09","2012","2012",6072,2155955,281.6
,"Connecticut","09","2013","2013",6118,2157360,283.6
,"Connecticut","09","2014","2014",6033,2159058,279.4
,"Connecticut","09","2015","2015",6300,2154606,292.4
,"Connecticut","09","2016","2016",6419,2141551,299.7
,"Connecticut","09","2017","2017",6506,2137899,304.3
,"Delaware","10","2005","2005",1847,505589,365.3
,"Delaware","10","2006","2006",1915,513984,372.6
,"Delaware","10","2007","2007",1888,520765,362.5
,"Delaware","10","2008","2008",2017,526390,383.2
,"Delaware","10","2009","2009",1953,530670,368.0
,"Delaware","10","2010","2010",2017,534854,377.1
,"Delaware","10","2011","2011",2003,542336,369.3
,"Delaware","10","2012","2012",2062,544621,378.6
,"Delaware","10","2013","2013",2151,548303,392.3
,"Delaware","10","2014","2014",2048,551725,371.2
,"Delaware","10","2015","2015",2137,555955,384.4
,"Delaware","10","2016","2016",2176,555723,391.6
,"Delaware","10","2017","2017",2341,558003,419.5
,"District of Columbia","11","2005","2005",1911,372375,513.2
,"District of Columbia","11","2006","2006",1852,377869,490.1
,"District of Columbia","11","2007","2007",1774,382721,463.5
,"District of Columbia","11","2008","2008",1799,388584,463.0
,"District of Columbia","11","2009","2009",1654,399179,414.4
,"District of Columbia","11","2010","2010",1579,409194,385.9
,"District of Columbia","11","2011","2011",1564,419783,372.6
,"District of Columbia","11","2012","2012",1488,428225,347.5
,"District of Columbia","11","2013","2013",1504,439371,342.3
,"District of Columbia","11","2014","2014",1590,446802,355.9
,"District of Columbia","11","2015","2015",1644,455463,361.0
,"District of Columbia","11","2016","2016",1747,460538,379.3
,"District of Columbia","11","2017","2017",1697,464558,365.3
,"Florida","12","2005","2005",39879,10434440,382.2
,"Florida","12","2006","2006",40771,10667079,382.2
,"Florida","12","2007","2007",40717,10794153,377.2
,"Florida","12","2008","2008",41153,10864673,378.8
,"Florida","12","2009","2009",41143,10933282,376.3
,"Florida","12","2010","2010",41065,11028718,372.3
,"Florida","12","2011","2011",41159,11215252,367.0
,"Florida","12","2012","2012",41450,11330694,365.8
,"Florida","12","2013","2013",41542,11410237,364.1
,"Florida","12","2014","2014",42765,11581688,369.2
,"Florida","12","2015","2015",44425,11761297,377.7
,"Florida","12","2016","2016",47103,11904769,395.7
,"Florida","12","2017","2017",47724,12095162,394.6
,"Georgia","13","2005","2005",20832,5446774,382.5
,"Georgia","13","2006","2006",21289,5580448,381.5
,"Georgia","13","2007","2007",21270,5685952,374.1
,"Georgia","13","2008","2008",21450,5768709,371.8
,"Georgia","13","2009","2009",21899,5836955,375.2
,"Georgia","13","2010","2010",21990,5873989,374.4
,"Georgia","13","2011","2011",22089,5960170,370.6
,"Georgia","13","2012","2012",22145,6002013,369.0
,"Georgia","13","2013","2013",22822,6023315,378.9
,"Georgia","13","2014","2014",23091,6072709,380.2
,"Georgia","13","2015","2015",23633,6126030,385.8
,"Georgia","13","2016","2016",24605,6164575,399.1
,"Georgia","13","2017","2017",24616,6221788,395.6
,"Hawaii","15","2005","2005",2304,787368,292.6
,"Hawaii","15","2006","2006",2338,800160,292.2
,"Hawaii","15","2007","2007",2312,802602,288.1
,"Hawaii","15","2008","2008",2303,812585,283.4
,"Hawaii","15","2009","2009",2449,818745,299.1
,"Hawaii","15","2010","2010",2373,826862,287.0
,"Hawaii","15","2011","2011",2468,834583,295.7
,"Hawaii","15","2012","2012",2477,845421,293.0
,"Hawaii","15","2013","2013",2427,844975,287.2
,"Hawaii","15","2014","2014",2564,850748,301.4
,"Hawaii","15","2015","2015",2513,852347,294.8
,"Hawaii","15","2016","2016",2485,845558,293.9
,"Hawaii","15","2017","2017",2553,838048,304.6
,"Idaho","16","2005","2005",2350,824879,284.9
,"Idaho","16","2006","2006",2444,848494,288.0
,"Idaho","16","2007","2007",2484,868288,286.1
,"Idaho","16","2008","2008",2544,882320,288.3
,"Idaho","16","2009","2009",2739,891894,307.1
,"Idaho","16","2010","2010",2677,897633,298.2
,"Idaho","16","2011","2011",2762,907389,304.4
,"Idaho","16","2012","2012",2736,911966,300.0
,"Idaho","16","2013","2013",3020,917557,329.1
,"Idaho","16","2014","2014",2936,926294,317.0
,"Idaho","16","2015","2015",3046,934028,326.1
,"Idaho","16","2016","2016",3055,946266,322.8
,"Idaho","16","2017","2017",3091,962193,321.2
,"Illinois","17","2005","2005",24478,7539673,324.7
,"Illinois","17","2006","2006",24394,7583582,321.7
,"Illinois","17","2007","2007",24310,7622192,318.9
,"Illinois","17","2008","2008",24892,7654899,325.2
,"Illinois","17","2009","2009",24636,7695008,320.2
,"Illinois","17","2010","2010",24165,7724897,312.8
,"Illinois","17","2011","2011",24444,7765603,314.8
,"Illinois","17","2012","2012",24856,7758344,320.4
,"Illinois","17","2013","2013",24615,7761468,317.1
,"Illinois","17","2014","2014",25062,7759273,323.0
,"Illinois","17","2015","2015",25530,7734991,330.1
,"Illinois","17","2016","2016",26111,7673730,340.3
,"Illinois","17","2017","2017",26085,7630696,341.8
,"Indiana","18","2005","2005",13374,3722100,359.3
,"Indiana","18","2006","2006",13895,3754387,370.1
,"Indiana","18","2007","2007",13592,3779270,359.6
,"Indiana","18","2008","2008",14121,3798362,371.8
,"Indiana","18","2009","2009",14383,3819239,376.6
,"Indiana","18","2010","2010",14517,3836112,378.4
,"Indiana","18","2011","2011",15036,3866336,388.9
,"Indiana","18","2012","2012",15177,3869497,392.2
,"Indiana","18","2013","2013",15423,3884242,397.1
,"Indiana","18","2014","2014",15760,3889839,405.2
,"Indiana","18","2015","2015",16094,3892079,413.5
,"Indiana","18","2016","2016",16672,3884078,429.2
,"Indiana","18","2017","2017",17027,3885250,438.2
,"Iowa","19","2005","2005",5027,1718645,292.5
,"Iowa","19","2006","2006",5066,1731927,292.5
,"Iowa","19","2007","2007",5186,1742195,297.7
,"Iowa","19","2008","2008",5448,1751292,311.1
,"Iowa","19","2009","2009",5407,1762341,306.8
,"Iowa","19","2010","2010",5505,1772957,310.5
,"Iowa","19","2011","2011",5572,1786904,311.8
,"Iowa","19","2012","2012",5697,1789164,318.4
,"Iowa","19","2013","2013",5789,1794928,322.5
,"Iowa","19","2014","2014",5784,1799376,321.4
,"Iowa","19","2015","2015",5809,1801139,322.5
,"Iowa","19","2016","2016",6081,1798336,338.1
,"Iowa","19","2017","2017",6065,1796511,337.6
,"Kansas","20","2005","2005",5278,1598845,330.1
,"Kansas","20","2006","2006",5356,1614422,331.8
,"Kansas","20","2007","2007",5305,1626496,326.2
,"Kansas","20","2008","2008",5429,1641050,330.8
,"Kansas","20","2009","2009",5531,1654335,334.3
,"Kansas","20","2010","2010",5646,1666358,338.8
,"Kansas","20","2011","2011",5809,1678955,346.0
,"Kansas","20","2012","2012",5817,1684091,345.4
,"Kansas","20","2013","2013",5741,1682650,341.2
,"Kansas","20","2014","2014",5902,1683937,350.5
,"Kansas","20","2015","2015",6099,1684621,362.0
,"Kansas","20","2016","2016",6054,1674727,361.5
,"Kansas","20","2017","2017",6227,1670055,372.9
,"Kentucky","21","2005","2005",10899,2535606,429.8
,"Kentucky","21","2006","2006",11013,2554817,431.1
,"Kentucky","21","2007","2007",11135,2575614,432.3
,"Kentucky","21","2008","2008",11343,2586234,438.6
,"Kentucky","21","2009","2009",12028,2602190,462.2
,"Kentucky","21","2010","2010",12071,2614936,461.6
,"Kentucky","21","2011","2011",12322,2638803,467.0
,"Kentucky","21","2012","2012",12721,2633656,483.0
,"Kentucky","21","2013","2013",12398,2633770,470.7
,"Kentucky","21","2014","2014",12960,2632885,492.2
,"Kentucky","21","2015","2015",13560,2628097,516.0
,"Kentucky","21","2016","2016",14034,2621364,535.4
,"Kentucky","21","2017","2017",13995,2617077,534.8
,"Louisiana","22","2005","2005",13410,2722374,492.6
,"Louisiana","22","2006","2006",12493,2577601,484.7
,"Louisiana","22","2007","2007",12423,2620763,474.0
,"Louisiana","22","2008","2008",12609,2652375,475.4
,"Louisiana","22","2009","2009",12466,2691238,463.2
,"Louisiana","22","2010","2010",12485,2721278,458.8
,"Louisiana","22","2011","2011",12410,2754463,450.5
,"Louisiana","22","2012","2012",12747,2765501,460.9
,"Louisiana","22","2013","2013",13307,2778849,478.9
,"Louisiana","22","2014","2014",13545,2786494,486.1
,"Louisiana","22","2015","2015",13570,2787423,486.8
,"Louisiana","22","2016","2016",13658,2777688,491.7
,"Louisiana","22","2017","2017",13809,2763082,499.8
,"Maine","23","2005","2005",2726,798524,341.4
,"Maine","23","2006","2006",2758,803273,343.3
,"Maine","23","2007","2007",2701,806295,335.0
,"Maine","23","2008","2008",2704,807722,334.8
,"Maine","23","2009","2009",2679,806871,332.0
,"Maine","23","2010","2010",2766,806322,343.0
,"Maine","23","2011","2011",2787,806826,345.4
,"Maine","23","2012","2012",2827,801002,352.9
,"Maine","23","2013","2013",2811,797375,352.5
,"Maine","23","2014","2014",2847,793822,358.6
,"Maine","23","2015","2015",3018,789171,382.4
,"Maine","23","2016","2016",3093,786009,393.5
,"Maine","23","2017","2017",3208,783887,409.2
,"Maryland","24","2005","2005",12057,3419355,352.6
,"Maryland","24","2006","2006",12131,3448880,351.7
,"Maryland","24","2007","2007",12032,3467265,347.0
,"Maryland","24","2008","2008",11751,3484372,337.2
,"Maryland","24","2009","2009",12089,3516521,343.8
,"Maryland","24","2010","2010",11639,3549284,327.9
,"Maryland","24","2011","2011",11594,3590119,322.9
,"Maryland","24","2012","2012",11829,3613595,327.3
,"Maryland","24","2013","2013",11958,3628824,329.5
,"Maryland","24","2014","2014",12145,3645721,333.1
,"Maryland","24","2015","2015",12449,3653351,340.8
,"Maryland","24","2016","2016",13405,3637206,368.6
,"Maryland","24","2017","2017",13530,3645734,371.1
,"Massachusetts","25","2005","2005",10887,3898358,279.3
,"Massachusetts","25","2006","2006",10993,3914464,280.8
,"Massachusetts","25","2007","2007",10959,3933973,278.6
,"Massachusetts","25","2008","2008",10660,3959232,269.2
,"Massachusetts","25","2009","2009",11053,3997791,276.5
,"Massachusetts","25","2010","2010",10934,4023762,271.7
,"Massachusetts","25","2011","2011",11082,4056551,273.2
,"Massachusetts","25","2012","2012",10953,4076608,268.7
,"Massachusetts","25","2013","2013",11315,4102308,275.8
,"Massachusetts","25","2014","2014",11779,4131435,285.1
,"Massachusetts","25","2015","2015",12207,4156230,293.7
,"Massachusetts","25","2016","2016",12413,4153799,298.8
,"Massachusetts","25","2017","2017",12638,4175016,302.7
,"Michigan","26","2005","2005",21642,5972056,362.4
,"Michigan","26","2006","2006",21686,5969786,363.3
,"Michigan","26","2007","2007",21848,5944267,367.5
,"Michigan","26","2008","2008",21970,5901420,372.3
,"Michigan","26","2009","2009",22029,5875624,374.9
,"Michigan","26","2010","2010",22350,5873225,380.5
,"Michigan","26","2011","2011",22810,5896797,386.8
,"Michigan","26","2012","2012",22347,5889093,379.5
,"Michigan","26","2013","2013",22775,5883753,387.1
,"Michigan","26","2014","2014",23188,5883122,394.1
,"Michigan","26","2015","2015",23448,5876722,399.0
,"Michigan","26","2016","2016",24098,5856993,411.4
,"Michigan","26","2017","2017",23988,5850331,410.0
,"Minnesota","27","2005","2005",7604,3069950,247.7
,"Minnesota","27","2006","2006",7723,3102430,248.9
,"Minnesota","27","2007","2007",7669,3130966,244.9
,"Minnesota","27","2008","2008",7919,3153189,251.1
,"Minnesota","27","2009","2009",8142,3174941,256.4
,"Minnesota","27","2010","2010",8026,3189593,251.6
,"Minnesota","27","2011","2011",8328,3214759,259.1
,"Minnesota","27","2012","2012",8368,3224601,259.5
,"Minnesota","27","2013","2013",8497,3239433,262.3
,"Minnesota","27","2014","2014",8429,3252036,259.2
,"Minnesota","27","2015","2015",8751,3258154,268.6
,"Minnesota","27","2016","2016",8980,3258823,275.6
,"Minnesota","27","2017","2017",9083,3276750,277.2
,"Mississippi","28","2005","2005",8701,1698629,512.2
,"Mississippi","28","2006","2006",8801,1700563,517.5
,"Mississippi","28","2007","2007",8618,1712952,503.1
,"Mississippi","28","2008","2008",8783,1722330,509.9
,"Mississippi","28","2009","2009",8557,1729609,494.7
,"Mississippi","28","2010","2010",8795,1737395,506.2
,"Mississippi","28","2011","2011",9021,1749138,515.7
,"Mississippi","28","2012","2012",8908,1747854,509.7
,"Mississippi","28","2013","2013",9306,1751854,531.2
,"Mississippi","28","2014","2014",9502,1749984,543.0
,"Mississippi","28","2015","2015",9461,1743075,542.8
,"Mississippi","28","2016","2016",9627,1733712,555.3
,"Mississippi","28","2017","2017",9606,1726024,556.5
,"Missouri","29","2005","2005",13153,3424459,384.1
,"Missouri","29","2006","2006",13462,3461220,388.9
,"Missouri","29","2007","2007",13068,3489055,374.5
,"Missouri","29","2008","2008",13914,3506964,396.8
,"Missouri","29","2009","2009",13899,3530134,393.7
,"Missouri","29","2010","2010",13961,3549222,393.4
,"Missouri","29","2011","2011",14321,3572321,400.9
,"Missouri","29","2012","2012",14296,3570382,400.4
,"Missouri","29","2013","2013",14581,3577164,407.6
,"Missouri","29","2014","2014",14998,3580145,418.9
,"Missouri","29","2015","2015",15335,3580044,428.3
,"Missouri","29","2016","2016",15404,3571313,431.3
,"Missouri","29","2017","2017",15586,3566993,437.0
,"Montana","30","2005","2005",2007,560537,358.0
,"Montana","30","2006","2006",2005,569873,351.8
,"Montana","30","2007","2007",2078,577779,359.7
,"Montana","30","2008","2008",2088,584102,357.5
,"Montana","30","2009","2009",2205,588310,374.8
,"Montana","30","2010","2010",2075,591637,350.7
,"Montana","30","2011","2011",2227,596075,373.6
,"Montana","30","2012","2012",2244,597631,375.5
,"Montana","30","2013","2013",2271,599842,378.6
,"Montana","30","2014","2014",2227,601225,370.4
,"Montana","30","2015","2015",2457,602469,407.8
,"Montana","30","2016","2016",2360,603977,390.7
,"Montana","30","2017","2017",2332,605458,385.2
,"Nebraska","31","2005","2005",2849,1024590,278.1
,"Nebraska","31","2006","2006",2956,1033763,285.9
,"Nebraska","31","2007","2007",2967,1040842,285.1
,"Nebraska","31","2008","2008",3079,1048064,293.8
,"Nebraska","31","2009","2009",3097,1058179,292.7
,"Nebraska","31","2010","2010",3099,1067192,290.4
,"Nebraska","31","2011","2011",3199,1076497,297.2
,"Nebraska","31","2012","2012",3230,1080794,298.9
,"Nebraska","31","2013","2013",3189,1086541,293.5
,"Nebraska","31","2014","2014",3428,1090653,314.3
,"Nebraska","31","2015","2015",3501,1094197,320.0
,"Nebraska","31","2016","2016",3373,1094088,308.3
,"Nebraska","31","2017","2017",3464,1095843,316.1
,"Nevada","32","2005","2005",5943,1490275,398.8
,"Nevada","32","2006","2006",5870,1546597,379.5
,"Nevada","32","2007","2007",5989,1591968,376.2
,"Nevada","32","2008","2008",6002,1619481,370.6
,"Nevada","32","2009","2009",6022,1632696,368.8
,"Nevada","32","2010","2010",6010,1639864,366.5
,"Nevada","32","2011","2011",6123,1653829,370.2
,"Nevada","32","2012","2012",6103,1668787,365.7
,"Nevada","32","2013","2013",6270,1681702,372.8
,"Nevada","32","2014","2014",6321,1708406,370.0
,"Nevada","32","2015","2015",6519,1735062,375.7
,"Nevada","32","2016","2016",6757,1757193,384.5
,"Nevada","32","2017","2017",6810,1787796,380.9
,"New Hampshire","33","2005","2005",2276,795537,286.1
,"New Hampshire","33","2006","2006",2236,803234,278.4
,"New Hampshire","33","2007","2007",2301,806870,285.2
,"New Hampshire","33","2008","2008",2291,809179,283.1
,"New Hampshire","33","2009","2009",2345,810707,289.3
,"New Hampshire","33","2010","2010",2270,812400,279.4
,"New Hampshire","33","2011","2011",2439,814187,299.6
,"New Hampshire","33","2012","2012",2397,812325,295.1
,"New Hampshire","33","2013","2013",2439,810186,301.0
,"New Hampshire","33","2014","2014",2650,810358,327.0
,"New Hampshire","33","2015","2015",2737,809912,337.9
,"New Hampshire","33","2016","2016",2933,810578,361.8
,"New Hampshire","33","2017","2017",2850,811250,351.3
,"New Jersey","34","2005","2005",15912,5199222,306.0
,"New Jersey","34","2006","2006",16312,5216741,312.7
,"New Jersey","34","2007","2007",15319,5231446,292.8
,"New Jersey","34","2008","2008",15442,5249658,294.2
,"New Jersey","34","2009","2009",15190,5284777,287.4
,"New Jersey","34","2010","2010",15451,5314697,290.7
,"New Jersey","34","2011","2011",15921,5342453,298.0
,"New Jersey","34","2012","2012",15634,5357763,291.8
,"New Jersey","34","2013","2013",15682,5367576,292.2
,"New Jersey","34","2014","2014",15670,5390639,290.7
,"New Jersey","34","2015","2015",15849,5396855,293.7
,"New Jersey","34","2016","2016",16687,5369881,310.8
,"New Jersey","34","2017","2017",17112,5391150,317.4
,"New Mexico","35","2005","2005",4253,1132893,375.4
,"New Mexico","35","2006","2006",4480,1153325,388.4
,"New Mexico","35","2007","2007",4551,1171132,388.6
,"New Mexico","35","2008","2008",4719,1180473,399.8
,"New Mexico","35","2009","2009",4704,1193753,394.1
,"New Mexico","35","2010","2010",4641,1207083,384.5
,"New Mexico","35","2011","2011",4904,1221072,401.6
,"New Mexico","35","2012","2012",4953,1218700,406.4
,"New Mexico","35","2013","2013",4911,1213869,404.6
,"New Mexico","35","2014","2014",5266,1209122,435.5
,"New Mexico","35","2015","2015",5205,1203119,432.6
,"New Mexico","35","2016","2016",5418,1193331,454.0
,"New Mexico","35","2017","2017",5331,1192035,447.2
,"New York","36","2005","2005",34470,11585364,297.5
,"New York","36","2006","2006",34245,11610485,294.9
,"New York","36","2007","2007",33975,11649251,291.6
,"New York","36","2008","2008",33715,11707614,288.0
,"New York","36","2009","2009",33740,11792603,286.1
,"New York","36","2010","2010",33456,11862648,282.0
,"New York","36","2011","2011",33749,11961219,282.2
,"New York","36","2012","2012",33610,11996099,280.2
,"New York","36","2013","2013",33699,12036815,280.0
,"New York","36","2014","2014",33694,12086912,278.8
,"New York","36","2015","2015",33775,12099061,279.2
,"New York","36","2016","2016",35234,12019069,293.2
,"New York","36","2017","2017",34565,12024479,287.5
,"North Carolina","37","2005","2005",19953,5275645,378.2
,"North Carolina","37","2006","2006",20677,5400412,382.9
,"North Carolina","37","2007","2007",20837,5508583,378.3
,"North Carolina","37","2008","2008",20964,5614828,373.4
,"North Carolina","37","2009","2009",21166,5690449,372.0
,"North Carolina","37","2010","2010",21103,5742724,367.5
,"North Carolina","37","2011","2011",21559,5814641,370.8
,"North Carolina","37","2012","2012",21827,5842741,373.6
,"North Carolina","37","2013","2013",22046,5881605,374.8
,"North Carolina","37","2014","2014",22523,5923426,380.2
,"North Carolina","37","2015","2015",23075,5966706,386.7
,"North Carolina","37","2016","2016",24040,6008432,400.1
,"North Carolina","37","2017","2017",24582,6065105,405.3
,"North Dakota","38","2005","2005",1056,380433,277.6
,"North Dakota","38","2006","2006",1081,384818,280.9
,"North Dakota","38","2007","2007",1038,388218,267.4
,"North Dakota","38","2008","2008",1158,391788,295.6
,"North Dakota","38","2009","2009",1194,397507,300.4
,"North Dakota","38","2010","2010",1143,403179,283.5
,"North Dakota","38","2011","2011",1226,411287,298.1
,"North Dakota","38","2012","2012",1294,421738,306.8
,"North Dakota","38","2013","2013",1384,434694,318.4
,"North Dakota","38","2014","2014",1338,442913,302.1
,"North Dakota","38","2015","2015",1441,452536,318.4
,"North Dakota","38","2016","2016",1409,449098,313.7
,"North Dakota","38","2017","2017",1406,444865,316.1
,"Ohio","39","2005","2005",25192,6793849,370.8
,"Ohio","39","2006","2006",25300,6811867,371.4
,"Ohio","39","2007","2007",25565,6820543,374.8
,"Ohio","39","2008","2008",26128,6820704,383.1
,"Ohio","39","2009","2009",26456,6833708,387.1
,"Ohio","39","2010","2010",26521,6847363,387.3
,"Ohio","39","2011","2011",27394,6876293,398.4
,"Ohio","39","2012","2012",27455,6855430,400.5
,"Ohio","39","2013","2013",27853,6852927,406.4
,"Ohio","39","2014","2014",28336,6847659,413.8
,"Ohio","39","2015","2015",29319,6836618,428.9
,"Ohio","39","2016","2016",30827,6811286,452.6
,"Ohio","39","2017","2017",31980,6802052,470.2
,"Oklahoma","40","2005","2005",9499,2089622,454.6
,"Oklahoma","40","2006","2006",9450,2117779,446.2
,"Oklahoma","40","2007","2007",9695,2141160,452.8
,"Oklahoma","40","2008","2008",10242,2157670,474.7
,"Oklahoma","40","2009","2009",10200,2183320,467.2
,"Oklahoma","40","2010","2010",10282,2203027,466.7
,"Oklahoma","40","2011","2011",10522,2228578,472.1
,"Oklahoma","40","2012","2012",10534,2238272,470.6
,"Oklahoma","40","2013","2013",10926,2250485,485.5
,"Oklahoma","40","2014","2014",11025,2260164,487.8
,"Oklahoma","40","2015","2015",11213,2270761,493.8
,"Oklahoma","40","2016","2016",11170,2268076,492.5
,"Oklahoma","40","2017","2017",11242,2263596,496.6
,"Oregon","41","2005","2005",7110,2194328,324.0
,"Oregon","41","2006","2006",7272,2232377,325.8
,"Oregon","41","2007","2007",7438,2264787,328.4
,"Oregon","41","2008","2008",7408,2289649,323.5
,"Oregon","41","2009","2009",7694,2312971,332.6
,"Oregon","41","2010","2010",7466,2325358,321.1
,"Oregon","41","2011","2011",7706,2352766,327.5
,"Oregon","41","2012","2012",7685,2358443,325.9
,"Oregon","41","2013","2013",7759,2366123,327.9
,"Oregon","41","2014","2014",8021,2381296,336.8
,"Oregon","41","2015","2015",8044,2408300,334.0
,"Oregon","41","2016","2016",8074,2438048,331.2
,"Oregon","41","2017","2017",8053,2461965,327.1
,"Pennsylvania","42","2005","2005",26659,7336518,363.4
,"Pennsylvania","42","2006","2006",26872,7394813,363.4
,"Pennsylvania","42","2007","2007",26512,7441208,356.3
,"Pennsylvania","42","2008","2008",26709,7474065,357.4
,"Pennsylvania","42","2009","2009",27064,7523465,359.7
,"Pennsylvania","42","2010","2010",26880,7563682,355.4
,"Pennsylvania","42","2011","2011",28178,7617929,369.9
,"Pennsylvania","42","2012","2012",27441,7607047,360.7
,"Pennsylvania","42","2013","2013",27731,7601300,364.8
,"Pennsylvania","42","2014","2014",28049,7594189,369.3
,"Pennsylvania","42","2015","2015",28961,7581383,382.0
,"Pennsylvania","42","2016","2016",30179,7539525,400.3
,"Pennsylvania","42","2017","2017",30701,7516560,408.4
,"Rhode Island","44","2005","2005",1885,640995,294.1
,"Rhode Island","44","2006","2006",1911,639994,298.6
,"Rhode Island","44","2007","2007",1933,638486,302.7
,"Rhode Island","44","2008","2008",1975,637169,310.0
,"Rhode Island","44","2009","2009",1962,637539,307.7
,"Rhode Island","44","2010","2010",1959,638928,306.6
,"Rhode Island","44","2011","2011",1999,640264,312.2
,"Rhode Island","44","2012","2012",1922,638404,301.1
,"Rhode Island","44","2013","2013",2054,638927,321.5
,"Rhode Island","44","2014","2014",2036,640542,317.9
,"Rhode Island","44","2015","2015",2111,640133,329.8
,"Rhode Island","44","2016","2016",2136,638957,334.3
,"Rhode Island","44","2017","2017",2099,639476,328.2
,"South Carolina","45","2005","2005",11423,2569932,444.5
,"South Carolina","45","2006","2006",11790,2620462,449.9
,"South Carolina","45","2007","2007",11986,2670103,448.9
,"South Carolina","45","2008","2008",11827,2715011,435.6
,"South Carolina","45","2009","2009",12021,2747496,437.5
,"South Carolina","45","2010","2010",12352,2769065,446.1
,"South Carolina","45","2011","2011",12242,2802402,436.8
,"South Carolina","45","2012","2012",12330,2813311,438.3
,"South Carolina","45","2013","2013",12538,2834545,442.3
,"South Carolina","45","2014","2014",12919,2856598,452.3
,"South Carolina","45","2015","2015",13317,2879969,462.4
,"South Carolina","45","2016","2016",13617,2902262,469.2
,"South Carolina","45","2017","2017",13904,2922211,475.8
,"South Dakota","46","2005","2005",1461,445022,328.3
,"South Dakota","46","2006","2006",1444,450843,320.3
,"South Dakota","46","2007","2007",1363,456548,298.5
,"South Dakota","46","2008","2008",1397,461162,302.9
,"South Dakota","46","2009","2009",1473,466499,315.8
,"South Dakota","46","2010","2010",1476,470859,313.5
,"South Dakota","46","2011","2011",1522,477437,318.8
,"South Dakota","46","2012","2012",1576,482564,326.6
,"South Dakota","46","2013","2013",1563,486607,321.2
,"South Dakota","46","2014","2014",1709,488564,349.8
,"South Dakota","46","2015","2015",1713,489433,350.0
,"South Dakota","46","2016","2016",1731,490123,353.2
,"South Dakota","46","2017","2017",1778,489933,362.9
,"Tennessee","47","2005","2005",16342,3627144,450.5
,"Tennessee","47","2006","2006",16719,3679837,454.3
,"Tennessee","47","2007","2007",16548,3730301,443.6
,"Tennessee","47","2008","2008",16698,3760037,444.1
,"Tennessee","47","2009","2009",17164,3793904,452.4
,"Tennessee","47","2010","2010",17328,3816522,454.0
,"Tennessee","47","2011","2011",17845,3859147,462.4
,"Tennessee","47","2012","2012",17967,3874675,463.7
,"Tennessee","47","2013","2013",18098,3884087,466.0
,"Tennessee","47","2014","2014",18710,3903797,479.3
,"Tennessee","47","2015","2015",18997,3922846,484.3
,"Tennessee","47","2016","2016",19369,3939377,491.7
,"Tennessee","47","2017","2017",19814,3966269,499.6
,"Texas","48","2005","2005",44432,13541919,328.1
,"Texas","48","2006","2006",45529,13882976,327.9
,"Texas","48","2007","2007",46874,14167017,330.9
,"Texas","48","2008","2008",47971,14435240,332.3
,"Texas","48","2009","2009",48384,14715407,328.8
,"Texas","48","2010","2010",48532,14921961,325.2
,"Texas","48","2011","2011",49638,15252076,325.5
,"Texas","48","2012","2012",50618,15485003,326.9
,"Texas","48","2013","2013",51523,15694506,328.3
,"Texas","48","2014","2014",53275,15995143,333.1
,"Texas","48","2015","2015",53875,16277816,331.0
,"Texas","48","2016","2016",54825,16452216,333.2
,"Texas","48","2017","2017",55933,16688941,335.2
,"Utah","49","2005","2005",3366,1390440,242.1
,"Utah","49","2006","2006",3596,1428147,251.8
,"Utah","49","2007","2007",3804,1467148,259.3
,"Utah","49","2008","2008",3679,1499893,245.3
,"Utah","49","2009","2009",3810,1530337,249.0
,"Utah","49","2010","2010",3865,1551886,249.1
,"Utah","49","2011","2011",4034,1586515,254.3
,"Utah","49","2012","2012",4121,1610529,255.9
,"Utah","49","2013","2013",4187,1634060,256.2
,"Utah","49","2014","2014",4362,1657736,263.1
,"Utah","49","2015","2015",4546,1686720,269.5
,"Utah","49","2016","2016",4689,1717978,272.9
,"Utah","49","2017","2017",4651,1747577,266.1
,"Vermont","50","2005","2005",1006,380011,264.7
,"Vermont","50","2006","2006",1141,382109,298.6
,"Vermont","50","2007","2007",1127,382824,294.4
,"Vermont","50","2008","2008",1139,382776,297.6
,"Vermont","50","2009","2009",1081,383711,281.7
,"Vermont","50","2010","2010",1138,384408,296.0
,"Vermont","50","2011","2011",1224,384329,318.5
,"Vermont","50","2012","2012",1147,381610,300.6
,"Vermont","50","2013","2013",1179,379807,310.4
,"Vermont","50","2014","2014",1168,377603,309.3
,"Vermont","50","2015","2015",1276,375466,339.8
,"Vermont","50","2016","2016",1289,372496,346.0
,"Vermont","50","2017","2017",1283,369414,347.3
,"Virginia","51","2005","2005",15142,4681615,323.4
,"Virginia","51","2006","2006",15014,4746831,316.3
,"Virginia","51","2007","2007",15222,4793537,317.6
,"Virginia","51","2008","2008",15225,4835977,314.8
,"Virginia","51","2009","2009",15350,4892174,313.8
,"Virginia","51","2010","2010",15155,4940402,306.8
,"Virginia","51","2011","2011",15573,5002121,311.3
,"Virginia","51","2012","2012",15538,5036286,308.5
,"Virginia","51","2013","2013",15754,5062807,311.2
,"Virginia","51","2014","2014",16145,5085414,317.5
,"Virginia","51","2015","2015",16512,5101257,323.7
,"Virginia","51","2016","2016",16971,5090535,333.4
,"Virginia","51","2017","2017",17271,5107288,338.2
,"Washington","53","2005","2005",11091,3845363,288.4
,"Washington","53","2006","2006",11275,3922872,287.4
,"Washington","53","2007","2007",11504,3979064,289.1
,"Washington","53","2008","2008",11845,4038469,293.3
,"Washington","53","2009","2009",12039,4096923,293.9
,"Washington","53","2010","2010",11848,4126968,287.1
,"Washington","53","2011","2011",12121,4202059,288.5
,"Washington","53","2012","2012",12156,4227491,287.5
,"Washington","53","2013","2013",12391,4252014,291.4
,"Washington","53","2014","2014",12777,4294196,297.5
,"Washington","53","2015","2015",12959,4350998,297.8
,"Washington","53","2016","2016",12867,4404481,292.1
,"Washington","53","2017","2017",13431,4471239,300.4
,"West Virginia","54","2005","2005",5106,1099347,464.5
,"West Virginia","54","2006","2006",5300,1104116,480.0
,"West Virginia","54","2007","2007",5573,1106686,503.6
,"West Virginia","54","2008","2008",5511,1107503,497.6
,"West Virginia","54","2009","2009",5675,1111958,510.4
,"West Virginia","54","2010","2010",5639,1116377,505.1
,"West Virginia","54","2011","2011",5965,1119818,532.7
,"West Virginia","54","2012","2012",5930,1112611,533.0
,"West Virginia","54","2013","2013",5856,1105993,529.5
,"West Virginia","54","2014","2014",5956,1095839,543.5
,"West Virginia","54","2015","2015",6154,1083749,567.8
,"West Virginia","54","2016","2016",6339,1068567,593.2
,"West Virginia","54","2017","2017",6449,1050920,613.7
,"Wisconsin","55","2005","2005",9720,3305111,294.1
,"Wisconsin","55","2006","2006",9532,3333228,286.0
,"Wisconsin","55","2007","2007",9974,3357097,297.1
,"Wisconsin","55","2008","2008",9864,3373944,292.4
,"Wisconsin","55","2009","2009",9885,3393470,291.3
,"Wisconsin","55","2010","2010",10074,3407476,295.6
,"Wisconsin","55","2011","2011",10543,3425565,307.8
,"Wisconsin","55","2012","2012",10458,3421424,305.7
,"Wisconsin","55","2013","2013",10809,3425300,315.6
,"Wisconsin","55","2014","2014",10796,3423727,315.3
,"Wisconsin","55","2015","2015",10922,3418611,319.5
,"Wisconsin","55","2016","2016",11389,3407591,334.2
,"Wisconsin","55","2017","2017",11284,3402850,331.6
,"Wyoming","56","2005","2005",1108,311865,355.3
,"Wyoming","56","2006","2006",1143,318147,359.3
,"Wyoming","56","2007","2007",1184,325755,363.5
,"Wyoming","56","2008","2008",1181,331767,356.0
,"Wyoming","56","2009","2009",1155,339789,339.9
,"Wyoming","56","2010","2010",1275,342023,372.8
,"Wyoming","56","2011","2011",1223,345260,354.2
,"Wyoming","56","2012","2012",1266,349861,361.9
,"Wyoming","56","2013","2013",1246,350727,355.3
,"Wyoming","56","2014","2014",1302,349397,372.6
,"Wyoming","56","2015","2015",1340,348211,384.8
,"Wyoming","56","2016","2016",1278,343963,371.6
,"Wyoming","56","2017","2017",1260,336929,374.0
"---"
"Dataset: Underlying Cause of Death, 1999-2020"
"Query Parameters:"
"Five-Year Age Groups: 20-24 years; 25-29 years; 30-34 years; 35-39 years; 40-44 years; 45-49 years; 50-54 years; 55-59 years;"
"60-64 years"
"Year/Month: 2005; 2006; 2007; 2008; 2009; 2010; 2011; 2012; 2013; 2014; 2015; 2016; 2017"
"Group By: State; Year"
"Show Totals: False"
"Show Zero Values: True"
"Show Suppressed: True"
"Calculate Rates Per: 100,000"
"Rate Options: Default intercensal populations for years 2001-2009 (except Infant Age Groups)"
"---"
"Help: See http://wonder.cdc.gov/wonder/help/ucd.html for more information."
"---"
"Query Date: Jun 4, 2026 10:28:51 PM"
"---"
"Suggested Citation: Centers for Disease Control and Prevention, National Center for Health Statistics. National Vital Statistics"
"System, Mortality 1999-2020 on CDC WONDER Online Database, released in 2021. Data are from the Multiple Cause of Death Files,"
"1999-2020, as compiled from data provided by the 57 vital statistics jurisdictions through the Vital Statistics Cooperative"
"Program. Accessed at http://wonder.cdc.gov/ucd-icd10.html on Jun 4, 2026 10:28:51 PM"
"---"
Caveats:
"1. As of April 3, 2017, the underlying cause of death has been revised for 125 deaths in 2014. More information:"
"http://wonder.cdc.gov/wonder/help/ucd.html#2014-Revision."
"2. Deaths of persons with Age ""Not Stated"" are included in ""All"" counts and rates, but are not distributed among age groups,"
"so are not included in age-specific counts, age-specific rates or in any age-adjusted rates. More information:"
"http://wonder.cdc.gov/wonder/help/ucd.html#Not Stated."
"3. The population figures for year 2020 are bridged-race estimates of the July 1 resident population, from the Vintage 2020"
"postcensal series released by NCHS on September 22, 2021. The population figures for year 2019 are bridged-race estimates of the"
"July 1 resident population, from the Vintage 2019 postcensal series released by NCHS on July 9, 2020. The population figures for"
"year 2018 are bridged-race estimates of the July 1 resident population, from the Vintage 2018 postcensal series released by NCHS"
"on June 25, 2019. The population figures for year 2017 are bridged-race estimates of the July 1 resident population, from the"
"Vintage 2017 postcensal series released by NCHS on June 27, 2018. The population figures for year 2016 are bridged-race"
"estimates of the July 1 resident population, from the Vintage 2016 postcensal series released by NCHS on June 26, 2017. The"
"population figures for year 2015 are bridged-race estimates of the July 1 resident population, from the Vintage 2015 postcensal"
"series released by NCHS on June 28, 2016. The population figures for year 2014 are bridged-race estimates of the July 1 resident"
"population, from the Vintage 2014 postcensal series released by NCHS on June 30, 2015. The population figures for year 2013 are"
"bridged-race estimates of the July 1 resident population, from the Vintage 2013 postcensal series released by NCHS on June 26,"
"2014. The population figures for year 2012 are bridged-race estimates of the July 1 resident population, from the Vintage 2012"
"postcensal series released by NCHS on June 13, 2013. The population figures for year 2011 are bridged-race estimates of the July"
"1 resident population, from the Vintage 2011 postcensal series released by NCHS on July 18, 2012. Population figures for 2010"
"are April 1 Census counts. The population figures for years 2001 - 2009 are bridged-race estimates of the July 1 resident"
"population, from the revised intercensal county-level 2000 - 2009 series released by NCHS on October 26, 2012. Population"
"figures for 2000 are April 1 Census counts. Population figures for 1999 are from the 1990-1999 intercensal series of July 1"
"estimates. Population figures for the infant age groups are the number of live births. <br/><b>Note:</b> Rates and population"
"figures for years 2001 - 2009 differ slightly from previously published reports, due to use of the population estimates which"
"were available at the time of release."