fips,pct_urban
5131,0.7918787377528947
5133,0.36399343416578733
5135,0.19943234476367006
5137,0
5139,0.454958092173203
5141,0
5143,0.7450520769211829
5145,0.45682183818568683
5149,0.20874464728420103
6011,0.6827582987067556
6007,0.8109818181818181
6001,0.9961139424646305
6003,0
6005,0.3957627786091203
6009,0.24590811356356138
6013,0.992072638878959
6015,0.6632645927997204
6031,0.8914839654338419
6021,0.5912808477348696
6023,0.7024134063272992
6025,0.8258216446644664
6017,0.6530006959095981
6019,0.8919479821591703
6027,0.5356950285775909
6029,0.8979396901734215
6043,0
6033,0.668939921131988
6035,0.2947413669580169
6037,0.9939478164158758
6039,0.6707519968183475
6041,0.9348002646498342
6059,0.9985665556674701
6045,0.5476941291651962
6047,0.8572673998115664
6049,0.30043361552756553
6051,0.5416842698211519
6053,0.9018399882425787
6055,0.8659916180651211
6057,0.5786521404560366
6071,0.9526550085740538
6067,0.9793788783102197
6069,0.7599558522860916
6061,0.8621280479404877
6063,0.25975908432048783
6065,0.9537768976740936
1001,0.579978376793535
1007,0.316473925376391
1017,0.5085196551220225
1019,0.1426372696140675
1025,0.24019664769868
1013,0.28767842650498876
1009,0.10048497958898853
1011,0.4862561847168774
1021,0.1325527576014481
1023,0
1037,0
1027,0
1029,0
1031,0.5280491711379836
1035,0.19050498941638946
1033,0.5610531344161094
1053,0.3648842610715311
1039,0.30348206010856615
1041,0
1043,0.2676044076312713
1045,0.49111460468448387
1047,0.5436102236421725
1049,0.09869355496491303
1051,0.45811633860005296
1065,0.10831218274111676
1055,0.6251651824188451
1057,0.19766834870367148
1059,0.29633484733787535
1061,0.10358342665173573
1063,0
1081,0.7259050104458562
1067,0.12247139059068315
1069,0.6619594867401302
1071,0.22982696751648599
1073,0.9016623485495074
1075,0
1077,0.507048938075052
1079,0.0871021287748624
1099,0.20955436101959424
1083,0.4239085791597207
1085,0
1087,0.44452731680029833
1089,0.8355848523495345
1091,0.30684358206115947
1093,0.11145048089420327
1097,0.7997975747714241
1095,0.4673131295756781
1115,0.27203234720610575
1101,0.8950876994109773
1103,0.6140262783496527
1105,0
1107,0
1109,0.48320617647952824
1111,0.18657530659450966
1113,0.6459100610044006
1127,0.2591200035808603
1117,0.7705512981520876
1119,0
1121,0.4418466174915847
1123,0.2577374086889658
1125,0.7449192421502548
2090,0.6912923622426497
1129,0
1131,0
1133,0.15107825518706094
2013,0
2016,0
2068,0
2070,0
2060,0
8023,0
8025,0
8027,0
8029,0.3682799172912897
8031,1
8035,0.8971257422100783
8033,0
8049,0.17402142424038267
8039,0
8041,0.9106567480309773
8043,0.7357978814283274
8045,0.7589600808668358
8047,0
8069,0.8833961886326469
8051,0.41392586791960323
8053,0
8055,0.4385337505587841
8057,0
8059,0.9310364180243684
8061,0
8063,0.5130592503022975
8065,0.6893296853625172
8071,0.5920552008770232
8067,0.4005142790353372
8087,0.6745267942753649
8073,0
8075,0.7084415870359769
8077,0.8732373247548101
8079,0
8081,0.7264226168901776
8083,0.32817701194439003
8085,0.5501017540459346
8099,0.621145725440204
8089,0.6559396739419043
8091,0
8093,0
8095,0
8097,0.5579659435502683
8111,0
8107,0.5482155770130588
8109,0
8101,0.8584648849826798
8103,0
8105,0.37464530128526125
9001,0.95415939068245
8113,0
8115,0
8117,0.8048153175680502
8119,0.37396145610278375
8121,0
8123,0.7953999802234747
8125,0.35089116797769593
9005,0.5855144344932527
9003,0.9459135986684772
9007,0.7545993384678529
9015,0.5023896375857061
10001,0.7303062041771918
9009,0.9636001887586567
9011,0.7419167685318641
9013,0.6179211610376512
10005,0.5869639098125745
11001,1
10003,0.9539759210665597
12009,0.9492561320338034
12015,0.9111565340234282
12001,0.7880656273247728
12005,0.8800014213630872
12007,0.2447054698457223
12011,0.9998306700090271
12027,0.5375767311112386
12003,0.4050894338926793
12013,0.32485470085470086
12017,0.65481180435583
12019,0.8503130484897703
12021,0.9151405822343867
12029,0.2297527706734868
12023,0.37942574521330946
12041,0.1608123265836236
12031,0.9708850199534169
12033,0.9169777467164395
12035,0.8967877445243271
12037,0.31959477010996623
12039,0.346202763586195
12057,0.9648713906149072
12043,0.2936199937907482
12045,0.22914959339343124
12047,0.36515980809514154
12049,0.5219068912047888
12051,0.621078180889116
12053,0.8062484807093496
12055,0.78934261939951
12069,0.8074613199035859
12065,0
12067,0
12059,0.21227480303106339
12061,0.9503216738632742
12063,0.24637156756322115
12085,0.9152325756229582
12071,0.9417975479754475
12073,0.8769052623172782
12075,0.07950785519962746
12077,0
12079,0.1999063670411985
12081,0.942096997518841
12083,0.6897174145331394
12101,0.9053361652861972
12086,0.995956233589098
12087,0.9128608564783144
12089,0.5185367051313529
12097,0.9217894560544876
12099,0.9895745431903125
12091,0.8790080852993551
12093,0.6345134513451345
12095,0.9795786225649152
12117,0.96842339337336
12103,0.9971599773932891
12105,0.8648950746975145
12107,0.43837071701360875
12109,0.7622645877951368
12111,0.9664277563186447
12113,0.790106492614222
12115,0.9567951339841032
12129,0.38322069144788146
12119,0.6503532434168272
12121,0.16832326538470796
2020,0.9588282058486907
2050,0.26062422853112327
2150,0.6868010594467334
2100,0
2105,0
2110,0.7845563549160671
2122,0.2066245487364621
2130,0.7681234696148994
2220,0.7912397252561648
2164,0
2170,0.497061632675993
2180,0.33944374209860934
2185,0.40668080593849415
2188,0.42536222251761263
2195,0
2198,0
2275,0
2230,0
2240,0
2261,0
2282,0
2270,0
4009,0.5356260075228372
2290,0
4001,0.2593892446656786
4003,0.636989325902578
4007,0.5893800026120865
4005,0.6853393442988819
4023,0.7311682834247153
4011,0.534313144482636
4012,0.436722143589243
4013,0.9763620030509937
4015,0.7703635618874447
4017,0.45861757671081166
4019,0.924765088552766
4021,0.7809537749155068
5015,0.2716607155869708
4025,0.6680282230741164
4027,0.8957042365045389
5001,0.652926021347074
5011,0.504084115397984
5009,0.3780180473132266
5003,0.48318308699034457
5005,0.3415797461036302
5007,0.7483995138678678
5013,0
5017,0.45720338983050846
5029,0.2948338269167489
5019,0.45622961513372473
5021,0.4114282161288317
5023,0.24478244127839816
5025,0
5027,0.4251384815900945
5041,0.6858087330873309
5031,0.6783177628236368
5033,0.4803867760056822
5035,0.7911280499783898
5037,0.43212087297146057
5039,0.4736323311976343
5057,0.4423017382458313
5043,0.5139121508455347
5045,0.6123970080450736
5051,0.6309672581854536
5047,0.17395862068965517
5049,0.07080440996325031
5053,0.24970593177617206
5055,0.5849370396768828
5069,0.6908374765932718
5059,0.34030920632992134
5061,0.32482413518021613
5063,0.31415941277594345
5065,0
5067,0.34939156526087684
5091,0.5998803552528645
5071,0.286335160532498
5073,0
5075,0.36439850703416593
5077,0.3649270913277053
5079,0
5087,0
5089,0
5081,0.3147824766532534
5083,0.2898045005144723
5085,0.5518754754520452
5103,0.4364854517611026
5093,0.6373278829604131
5095,0.3102221131427169
5097,0
5099,0.308213849060798
5101,0
5109,0
5105,0
5107,0.5203382819322517
13011,0.06170154933405817
13013,0.6993815503049
13017,0.6599750482023364
13039,0.6855660918971354
13023,0.4841154405572992
13009,0.6486001749781277
13005,0.30713770728190337
13007,0
13021,0.8558956456890844
13015,0.647723074772607
13019,0.23856683604687337
13027,0.289601674567506
13029,0.4765653425065326
13031,0.5171682071293277
13033,0.25004288900325955
13035,0.2205876136123441
13037,0
13053,0.7048016330877784
13043,0.3303327877795963
13045,0.58174925583794
13047,0.7189797003534453
13049,0.4897707665762879
13051,0.9549500618569144
13069,0.3341675323448862
13055,0.42440899481068617
13057,0.8289727823239063
13059,0.9414037733262505
13061,0
13063,0.9911226409275934
13065,0.3957046190055899
13067,0.9975380698118528
13081,0.5297154315457144
13077,0.6706724160952583
13079,0
13071,0.41050156050815423
13073,0.8377225863139142
13075,0.4058796188705554
13093,0.46333288644590426
13083,0.27872302050141284
13085,0.19690998656515898
13087,0.4352417211407226
13089,0.9973695354628533
13091,0.2777115066984768
13109,0.3871818181818182
13095,0.8604028974779252
13097,0.8424280416606874
13099,0.3404796511627907
13101,0
13103,0.3294736842105263
13105,0.2938113656649807
13107,0.33117975042039116
6077,0.9152714261950136
13111,0
13113,0.8182176471140221
13115,0.6317783984135719
13117,0.9007811476203771
13119,0.11071363883354465
6073,0.9670295055782727
6075,1
6093,0.3417371937639198
6079,0.834036130056335
6081,0.981089872517402
6083,0.9498248386982625
6085,0.9891633672758051
6087,0.8796068327857857
6089,0.7071373354474306
6091,0.002777777777777778
6115,0.7377728501143372
6095,0.9628154757296586
6097,0.8764647287126094
6099,0.9201929039193085
6101,0.8520219132968112
6103,0.4851173124497739
6105,0
6111,0.9687544788283506
6113,0.9307041608372459
6107,0.8452006992643251
6109,0.5103404678045697
8011,0.620403138944453
8001,0.9637955358093129
8005,0.9842465861193036
8007,0.4062396557431314
8009,0
8003,0.6313370022661056
8021,0
8013,0.9108691740758469
8014,0.9941670096083308
8015,0.6258633275310237
8017,0
8019,0
8037,0.8001609287890109
5123,0.4844645764031425
5147,0
5115,0.45506363960229296
5119,0.8772325394254183
1003,0.5772090088607248
1005,0.3221036529846669
1015,0.6630317444253281
5111,0.28861408290281904
5113,0.2661407414577485
5117,0
5121,0.32578329344983026
5125,0.638398775182509
5127,0.2964479658150094
5129,0
29181,0
29183,0.9416952161671082
29203,0
29186,0.23857812069440618
29187,0.6023653972674
29189,0.9886200966210656
29195,0.5419341035515618
29197,0
29199,0
29201,0.5844709244469394
29215,0.007882190095355275
29205,0
29207,0.30208889482114254
29209,0.1131296192783057
29211,0
29213,0.5613933236574746
29217,0.4174110307670495
29219,0.3696060037523452
29221,0.19523715022821989
29223,0
29225,0.26070382851776147
29227,0
29229,0.23374966781823014
29510,0.999996868090224
30005,0
30003,0.28091721725612123
30001,0.4984858317110102
30007,0
30021,0.7242917689047513
30011,0
30009,0
30013,0.8017878441354039
30015,0
30023,0.6635835663583567
30025,0
30027,0.5256343863283273
30017,0.8209248653731088
30019,0
30039,0
30029,0.4851530881576632
30031,0.6645738607799985
30033,0
30035,0.5598925292932309
30037,0
36037,0.40113850097371795
36039,0.26858454724609415
36051,0.4534736133836955
30041,0.5999627236580517
30043,0
30045,0
30047,0.16569261810338828
36043,0.4819045552472915
36041,0
36045,0.5195089005325694
36047,0.999985227771789
36049,0.1315021966256876
36063,0.7755937339757656
36053,0.4105416519157975
36055,0.9355002525713917
36057,0.590613114558235
36059,0.9980776868339092
36061,1
36079,0.7945040617791596
36065,0.6701606791610965
36067,0.8741247810614399
36069,0.5253171007402878
36071,0.7765930909061648
36073,0.3912039736025931
36077,0.2943349555887502
36075,0.38245338181460825
36091,0.7003829568274236
36081,1
36083,0.6948798524735148
36085,1
36087,0.9928261364766576
36089,0.3800828985921532
36107,0.3434132029339853
36093,0.9184369890193697
36095,0.17154722281596385
36097,0.18846426429700702
36099,0.4134350798558906
36101,0.3962925548035155
36103,0.9739886831620183
36105,0.2583465511238346
36115,0.321010503669957
36109,0.5665688629829467
36111,0.5395987791312543
36113,0.6607058608671831
36117,0.3930277694834279
36119,0.967265225531628
36121,0.35917447515122763
36123,0.28775445794540006
37007,0.21489535401514026
37011,0.1121537337753554
37003,0.2722189365019625
37015,0.16755943990226482
37013,0.3439979899076614
37005,0
37001,0.7144199403166789
37009,0.15135075693706243
37017,0.08766695083830633
18061,0.1415252514988314
18073,0.3196128801003644
18059,0.6955372703637039
37019,0.5703940203479443
37021,0.7592040886546547
37023,0.5734776487152411
18063,0.8215307188823497
18065,0.5714487889693097
18067,0.7846456883217324
18069,0.49043745286068313
18071,0.5626769869737588
18089,0.9603189483976976
18075,0.4434668046863972
18077,0.5490317009991366
18079,0.3980368098159509
18087,0.08384507649213531
18085,0.5340236303937537
18081,0.8610351296776318
18083,0.6378511966701352
12123,0.30717766947275144
12125,0.32552301255230126
12127,0.900566728603114
13001,0.28558894494406667
13025,0.00554016620498615
13003,0
12131,0.3687480696909689
12133,0.15448264781491003
29071,0.4440152918456627
29077,0.8600231126487241
29061,0
29057,0
29059,0.18066400429158969
29063,0.37596959354638537
29069,0.4954464369542766
29065,0.31430031295905986
29073,0.19130206280383655
29075,0
29067,0.2087839812920199
29099,0.6980382475438092
29079,0.5453659487379398
29081,0.2960812772133527
29083,0.504534841954023
29091,0.2782673267326733
29093,0.25145813734713074
29041,0
29085,0
29087,0
29089,0.3594242902208202
29095,0.9616306563149885
29097,0.7630830295390276
29111,0
29101,0.4955604144880692
29103,0
29105,0.39487222737623345
29107,0.4305143644588239
29109,0.41313350934410104
29123,0.34492066088663503
29113,0.2517026214663471
29115,0.3354752762322702
29117,0.6339585389930898
29119,8.664385045271411e-5
29121,0.32211229602980856
29139,0.21485779666557697
29131,0.20219815742686278
29129,0
29133,0.6730045967404931
29125,0
29127,0.7523366109586185
29135,0.47299288780675336
29137,0
29151,0
29141,0
29143,0.43136737708377293
29145,0.3556285920776405
29147,0.5656824989302525
29149,0.19465122690929143
29153,0
29155,0.5073240052470486
29157,0.4437826155711349
29159,0.6222127437738442
29161,0.537757994507928
29163,0.456200043205876
29165,0.8419202436129957
34041,0.6243513782063077
35005,0.7575139005255541
34033,0.5469939318735529
34035,0.9420734346594773
34037,0.6015006866981543
34039,1
35003,0
35001,0.9580448077468743
35019,0.559206315340303
35006,0.4465512806379304
35007,0.47643636363636366
35009,0.8593104018521581
35011,0
35013,0.8070954390559807
35015,0.7914507050103105
35017,0.5764721826929593
35033,0
35021,0
35023,0
35025,0.7896859115979421
35027,0.46816607308386593
35028,0.8875766016713091
35029,0.593863319386332
35035,0.7040613194977821
35031,0.42621552061769147
35051,0.6604938271604939
35037,0.5843380157062272
35039,0.5023604830293694
35041,0.6353925224226544
35043,0.82941753255144
35045,0.6633600935068131
35047,0.5310448065866022
35049,0.74839425678019
36001,0.9030387503122904
35053,0.5032463897906638
35055,0.4155205392112214
35057,0.012146737471769517
35059,0
35061,0.8326868576055584
36009,0.38247195487879276
36011,0.4421812910803989
36029,0.9059616556406686
36007,0.7394317048853439
36003,0.21260164262656805
36005,0.9999718433508434
36013,0.5613728179088988
36015,0.7582123156591242
36017,0.16587752837926184
36019,0.3584404831482564
36021,0.26702168124762266
36023,0.5572604183557646
36025,0.21636098374322635
36027,0.7460065616092078
36031,0.25143510287020576
36033,0.3732436675129363
36035,0.4962633483999928
17165,0.5633604945209328
17151,0
17153,0
17155,0
17157,0.5735750985780858
17159,0.5653298835705045
17161,0.8908001572390983
17163,0.9024535651864798
17167,0.8587344592712632
17169,0.4236479321314952
17177,0.5990652050889732
17179,0.7958181307886613
17173,0.22268926351562848
17175,0
17193,0.3796795090351176
17181,0.34130727762803237
17171,0
17183,0.6874364471669219
17185,0.6110320582573031
17187,0.5452081097870899
17189,0.2635226963848872
17191,0.30065632458233893
17195,0.6265684296899039
17197,0.9607060629316961
17199,0.6520186265201863
17201,0.9208578027947681
17203,0.4511431822884337
18015,0.1859588191515753
18005,0.6629684610776884
18001,0.46325646319830166
18003,0.8812030540710158
18007,0
18009,0.4938900203665988
18011,0.6559498587570621
18013,0
18039,0.7941273239892893
18017,0.5533285428322127
18019,0.7948508600043545
18021,0.39111193752324286
18023,0.502167108114616
18025,0
18027,0.3971814964610718
18029,0.4694187463784043
18031,0.462043512043512
18033,0.577007791961727
18035,0.7718809222323257
18037,0.5075318102604502
18049,0.3507870992512958
18041,0.6321621287638506
18043,0.7967228941510901
18045,0.3404872389791183
18051,0.4638092111154225
18047,0.11140468662017586
29167,0.3113016668272473
29185,0
18053,0.7108662451292446
18055,0.25156037991858887
18057,0.9436462237178996
29169,0.5596855033094846
29171,0
29173,0.0389495426379463
29177,0.24780795096620414
29175,0.5482411269379083
29179,0
37079,0
37069,0.1468186542173246
37071,0.8035237716293198
37073,0
37075,0
37077,0.45250016690032713
37091,0.3136324942235194
37087,0.44559251981841586
37089,0.6672943601274124
37081,0.8730564325581586
37083,0.4529447258232616
37085,0.44079073579936867
37107,0.5499453735608034
37093,0.5684954847503834
37095,0
37097,0.6208784661025986
37099,0.26910183506741825
37101,0.47963026563554756
37103,0
37105,0.5723568243873778
37129,0.9778503653776885
37109,0.4544687919248706
37113,0.19989977006072754
37115,0.0938162203814294
37117,0.21877167924913282
37119,0.989345691953703
37123,0.23163536945103963
37121,0.17356698119263111
37125,0.493421872698222
37127,0.5243739565943238
48023,0
37111,0.2969819539514624
37131,0.1063396533779809
37133,0.736510811601377
37135,0.7146807572439667
48001,0.329364672072257
48007,0.7273944209344503
48003,0.834979034221561
48005,0.5691763377165182
48009,0.11011707532582284
48011,0
48015,0.33655910194601824
48017,0.7124912770411723
48019,0
48021,0.3614755092960861
48013,0.39288815657633985
47179,0.7357841582709242
47187,0.806138157679248
47181,0
47183,0.3299448902087319
47189,0.6153272569368294
48025,0.5702269231976398
48027,0.848137702064564
48031,0
48035,0.18784318032066769
48039,0.7747137300984143
48043,0.6513214904679376
48045,0
48047,0.6824034334763949
48029,0.9546091523484449
48041,0.8793642321568789
48033,0
48037,0.6457516339869281
48051,0.2334322453016815
48049,0.5959953813047814
48069,0.5424212354254527
48059,0.2782043709391612
48053,0.4432748538011696
48055,0.5770766563337362
48057,0.5526869650624386
48061,0.9157919354044607
48063,0.3852108700911217
48065,0.04804270462633452
48067,0.25988051470588236
48085,0.9475727336289419
48071,0.5427968999316162
48073,0.3695151932343397
48075,0.6685129953131658
48077,0.25399925595238093
48079,0
48081,0
48083,0.48454187745924676
48087,0
48089,0.37386222094471594
48091,0.5385445091820931
48093,0.2853871475597538
48095,0
48097,0.409657361396571
48103,0.8930285714285714
48099,0.8057648432111212
18171,0.22896097790314998
18173,0.7069309252961182
18175,0.23154766117047626
18177,0.6695009939492433
18179,0.4943913735707049
18181,0.32033437487318916
18183,0.2883575633785895
19001,0
19017,0.35512440270225737
19005,0.2603628750872296
19003,0
19013,0.8651918529254711
19011,0.19343457585519253
19009,0
19007,0.4174749747807868
19015,0.49365163840948834
19019,0.31462925851703405
19035,0.38618290258449306
19021,0.5609081934846989
19023,0
19025,0
19027,0.4796310530361261
19029,0.4636715391229579
19031,0.1657927455538137
19033,0.7940703494824579
19047,0.4819840898455779
19037,0.2646514993166653
19039,0.5189532629765238
19041,0.6571068578628427
19043,0.03403386838766617
19045,0.6776610473165567
38005,0
38009,0
38007,0
38015,0.8145200964234761
38017,0.8956522319699822
38031,0
38021,0
38023,0
38025,0
38027,0
38029,0
48101,0
48105,0.7725194944877656
48107,0
48119,0
38033,0
38035,0.8323088197903112
38037,0
38039,0
38041,0
38047,0
38051,0
38053,0
48109,0
48111,0.7645830225272267
48113,0.9931169580839638
48115,0.8370563146099906
48117,0.8228887053479248
48131,0.32957053131896114
48121,0.9309416945612378
48123,0.5037567796188486
48125,0
48127,0.6052420968387355
48129,0
48147,0.29470735662686126
48139,0.6802486464808503
48137,0
48141,0.978256335188916
48133,0.39654522951084326
48135,0.9054473856924087
48143,0.5367907099498549
48145,0.3264300906750252
48159,0.3087223008015087
48149,0.32862262767777145
48151,0
48153,0.46680111697176546
48155,0
48157,0.9446423232970318
48173,0
48161,0.3352341542188131
48163,0.778184352674682
48165,0.3695652173913043
48167,0.9385017284052329
48169,0.7766599597585513
48175,0
48171,0.46346177074525907
48187,0.7383774414025378
48177,0.3472004846771343
48179,0.8061238074106944
48181,0.5684952472347924
48183,0.8663764068019387
48185,0.31096827544730116
48203,0.43945696393472594
48189,0.7690017368290464
48191,0
48193,0.3562287190325232
48195,0.5966506324603599
48197,0
48199,0.4845245721607028
48201,0.987867196714738
48211,0.7304964539007093
48213,0.39889471807670757
48205,0.4274166941603431
48207,0.5238175962027463
48209,0.6828785477413483
19119,0
19099,0.42492264263612184
19101,0.6127174493855014
19103,0.8146345563179047
19111,0.5938319112152138
19113,0.8725204283563577
19105,0.420438026940595
19107,0
19109,0.34356301872225437
19115,0
19117,0.4375140481006968
19131,0.3280438010393467
19121,0.3216404107404809
19123,0.5605200839998212
19125,0.5131045663334234
19127,0.6607459161582365
19129,0.4042765123846205
19143,0.4162797895388425
19133,0.2880017310397057
19135,0.448306148055207
19137,0.5211359404096835
19139,0.7444847350567317
19141,0.3372690651479372
19163,0.8648925095627754
19145,0.6664574441375848
19147,0.38509712344761704
19149,0.3706075402225246
19151,0
19153,0.9509125952071336
19155,0.7358036883574143
19157,0.4800676747382891
19159,0
19165,0.4055231363524287
19161,0
19181,0.5804434829637642
19167,0.4917517208639924
19169,0.8306493042371178
19171,0.27601733550965274
19173,0
19175,0.6077070368597415
19177,0
19179,0.6953263157894737
19193,0.8254316251027679
19183,0.30538149649834134
19185,0
19187,0.6608791729145292
19189,0.33876311430149086
19191,0.41019186930091184
38049,0
38043,0
19063,0.6010483401281305
19049,0.6941407726619793
19051,0
19057,0.73264724116553
19053,0
19055,0.28529610448097276
19059,0.6495470090598188
19061,0.7298324666588364
19075,0
19065,0.29420498084291186
19067,0.4726737410292584
19069,0.39756554307116104
19071,0
19073,0.41838046272493573
19091,0.5341823739174733
19077,0
19079,0.4951827984431825
19081,0.2997971960144608
19083,0.2891525037070834
19085,0.18883976420150053
19087,0.4286919831223629
19089,0.3700606314028852
37141,0.3124461382308444
19093,0
19095,0.17817181290125345
19097,0.46730149133413945
37137,0
37139,0.586803079117582
37153,0.5446943545101739
37143,0
37145,0.24478005270626393
37147,0.7456407450579252
37149,0.0772793759141882
37151,0.43757407302895196
37169,0.24303284740828252
37161,0.3895885562601386
37159,0.6117765192013177
37163,0.15036811653607857
37155,0.3738670920040546
37157,0.38055166963894793
37165,0.5160826395995243
37167,0.3228686968721631
37181,0.4592047906300911
37171,0.3119460317891222
37173,0
37175,0.40362647325475975
37177,0
37179,0.7271078830753334
37195,0.6133884826550459
37183,0.9389862074400134
37185,0
37187,0.32242213486543697
37189,0.44564302355175317
37191,0.5359598117808242
37197,0.15323126594802897
37193,0.2720940294202481
37199,0
38011,0
38019,0
38001,0
38003,0.6044641243448401
38013,0
18101,0.27714341010257404
18091,0.643724151542609
18093,0.4155286773312524
18095,0.769113312467714
18097,0.9939981824078779
18099,0.36653843701515376
18113,0.31950521709862
18103,0.5351326450424084
18105,0.7875179381622625
18107,0.472458293988039
18109,0.508621940952768
18111,0
18129,0.33238131995368586
18115,0
18117,0.1654233870967742
18119,0
18121,0.2502451121748659
18123,0.44958113558796153
18127,0.7924706254601657
18125,0
18141,0.9099842281338623
18131,0.19056857185494702
18133,0.3519742907567895
18135,0.3813381223491651
18137,0.16756888056076064
18139,0.38839696412143515
18157,0.85498900335687
18143,0.4728505851701749
18145,0.47952110901071204
18147,0
18149,0.17617600479390488
18151,0.32751206669591926
18153,0.21038416763678697
18155,0
18169,0.5001520311359766
18165,0.3963113742906489
18167,0.7624156219864995
18159,0.38397339357429716
18161,0
18163,0.9083265165300524
37039,0
37025,0.8074669542893417
37027,0.6557226992978357
37029,0.0045090180360721445
37031,0.6739683160571094
37033,0.008052616046207682
37035,0.6970484199069695
37037,0.3407763168254468
37049,0.7229119366214193
37041,0.3238017981477726
37043,0
37045,0.4420971063847142
37051,0.8663185476675714
37047,0.1940514303418362
37067,0.9265349188695925
37053,0.01685989722682295
37055,0.7104068396226415
37057,0.5261545451196601
37059,0.29711445198836084
37061,0.13535595248269378
37063,0.9437229760788081
37065,0.5469302588767859
39081,0.6101794603279347
39099,0.8484149349099542
39085,0.9347072913089406
39087,0.5408326661329064
39089,0.6447216683083872
39097,0.5151375618740647
39095,0.9533990471124792
39091,0.430851759780191
39093,0.8826205550909887
39111,0.023494058188772024
39101,0.697493270777883
39103,0.7020576561520785
39105,0.18704249053428693
39107,0.38641152545695107
39109,0.6920180282129826
39127,0.24757335404071218
39113,0.9566871530197906
39115,0.18513351933041053
39117,0.11160880925718551
39119,0.5296721425749936
39121,0.37473540457494026
39123,0.5055276624505166
39125,0.18099316814520242
39139,0.6794537055633662
39129,0.5013465474523322
39131,0.2576195618098854
39133,0.6718663849980485
39135,0.30775964040690795
39137,0.1533957506014667
39151,0.8646994296912025
39141,0.41328909612625536
39143,0.5585619585192964
39145,0.4572258770550573
39147,0.5249096836725703
39149,0.4888816947575016
48327,0
48333,0
39153,0.9612334135010272
39155,0.7272671079158584
39161,0.4927289173392708
39157,0.5841956319802986
39159,0.5004780114722753
39163,0
39165,0.8273379941982105
48329,0.8770822374189023
48331,0.4381791008603627
48345,0
48335,0.6325640752951186
48337,0.4105684872458035
48339,0.7727440284719997
48341,0.8318571950328707
48343,0.21578784598732023
48367,0.4391543441634524
48347,0.535397681482859
48349,0.4734262071855033
48351,0
48353,0.6734358569926393
48355,0.9355275804398879
48357,0.8609018878998337
48359,0
48361,0.6482886713833597
48365,0.27281896116994453
48363,0.49784781758030666
48379,0.06771119662818398
48369,0.3998441912552342
48371,0.6022441478042174
48373,0.22361438354656155
48375,0.9100377458227681
48377,0.5952929137886928
48395,0.26146071471543736
48381,0.8562435286808863
48383,0.8669438669438669
48385,0
48387,0.24269051321928461
48389,0.8550388159326707
48391,0.3932005959637004
48393,0
48407,0
48397,0.8396415486934654
48399,0.5924197695457576
48401,0.34127132945809113
48403,0
48405,0
48429,0.6063343717549325
48409,0.8034997839639528
48411,0.506442668406459
48413,0
48415,0.682997458779032
48417,0
48419,0.2056743162527507
48421,0
48423,0.6839219127001536
48427,0.76294121506364
48425,0
48431,0
48433,0
48435,0.812015503875969
48437,0.6242678889737713
20123,0.517024949003609
20125,0.5657579431084548
20129,0
20131,0.24759284731774414
20147,0.4624246721020915
20133,0.5486312984496124
20135,0
20137,0.5101393052371715
20139,0.1646517336606321
20141,0
20143,0
20145,0.6832066542377743
20159,0.3621937915302985
20149,0.41084984262173674
20151,0.677920463960232
20153,0
20155,0.6870146176621041
20157,0
20175,0.8857180202161031
20167,0.5893830703012912
20165,0
20169,0.854098478581448
20161,0.8615481965829994
20163,0
20171,0.7388573743922204
20173,0.9234135623488808
20187,0
20177,0.8417559319747772
20179,0
38045,0
38065,0
19195,0
19197,0.4320054425882531
20001,0.42846458754019895
20011,0.5203321689843802
20013,0.31560496794871795
20005,0.6584731741904987
20003,0.41175018513947176
20007,0
38055,0
38057,0.35007122507122507
38059,0.6814458883913945
38061,0
38063,0
38081,0
38067,0
38069,0.6481523984392931
38071,0.6500742293249497
38073,0
38075,0
38077,0.47999509833956255
38079,0
38093,0.7243601895734597
38083,0
38085,0
38087,0
38089,0.7267242448035043
38091,0
38105,0.6753728011429592
38101,0.7810458046209972
38103,0
38095,0
38097,0
38099,0.37944059717600503
39013,0.45335227272727274
39003,0.7410914973055835
39001,0.10973730297723293
39007,0.5363114180714701
39005,0.38062440015807597
39009,0.5682937751903269
39015,0.23440217633679705
39011,0.6086313086247797
39017,0.9065710482709912
39019,0.2904702455264253
39021,0.2917674639000424
39037,0.33697766196491624
39023,0.763946419147998
39025,0.772834827196587
39027,0.45361560418648905
39029,0.5613542159290066
39031,0.3853012113492859
39033,0.6473597661246118
39035,0.9941825857222983
39049,0.9864596781541223
39039,0.5614929425929247
39041,0.8068984122975191
39043,0.7352197096485424
39047,0.5224939717533585
39045,0.6528777470647801
48215,0.9486130704764905
48231,0.4336866792834005
39051,0.43840460911518103
39053,0.1864938255641042
48217,0.23733933711419533
48219,0.6015260518857641
48221,0.6715446836778555
48223,0.40374278319729245
48225,0.26512725434013146
48227,0.7993545070261625
48229,0
48249,0.5991478524903276
48233,0.7743566591422122
48235,0
48237,0.46782397169394074
48245,0.9159799106523488
48247,0.8260377358490566
48239,0.3818117229129663
48241,0.21814617754130497
48243,0
48265,0.5889773299748111
48251,0.621258298329071
48253,0.1485001485001485
48255,0.6160955207771182
48257,0.5118238993710692
48259,0.418407662376534
48261,0
48263,0
48277,0.5291707669752777
48267,0.5569785109615802
48269,0
48271,0.7954419121734296
48273,0.8112972146845077
48275,0
48293,0.4638214163530619
48279,0.42312370322672965
48281,0.31732479544646036
48283,0.5364507696776067
48285,0.1868348647666511
48287,0.30279316156994945
48289,0
48291,0.36772735084541863
48303,0.8866445983409306
48295,0
48297,0
48299,0.5482099373089477
48305,0.4327979712595097
48301,0
48317,0
48307,0.646746347941567
48309,0.7664810605093101
48311,0
48313,0.32596604215456676
48315,0
48319,0
48321,0.6358236608359218
48323,0.9074422205020458
48325,0.3844498543668217
20009,0.6824456168244561
20017,0
20015,0.595264116575592
20051,0.7444116406579502
20027,0.5046280023432923
20025,0
20029,0.5601594461344802
20019,0
20021,0.5093736980974864
20023,0
20031,0.2910126729450064
20033,0
20035,0.6900112913442208
20037,0.650712935043696
20039,0
20041,0.3570922344841551
20043,0.29804908747640024
20047,0
20049,0
20063,0
20053,0.4589810681853163
20055,0.8141722862736568
20057,0.8070196171117939
20059,0.47899353647276083
20061,0.8832722193120307
20045,0.8898724126107592
20085,0.24104887832417174
20065,0
20067,0.802018137693192
20069,0
20071,0
20073,0.3873523695619674
20075,0
20077,0
20079,0.6908084419328797
20087,0.011816375614346963
20081,0
20083,0
20089,0
20091,0.9616633497433749
20107,0
20093,0
20095,0.37897683889030287
20097,0
20099,0.47660480399870414
20101,0
20103,0.7093680716806381
20105,0
20119,0
20109,0
20111,0.7370139507272188
20113,0.5650445510623715
20115,0.22235387045813587
20117,0.2903034496392211
39055,0.36031010076133163
39083,0.442999950755897
20127,0
20121,0.49049928325250863
39057,0.8509033068643894
39059,0.3858108613765061
39061,0.9776812309471643
39063,0.688895723569843
39065,0.44622247176991703
39067,0.15891326273323247
39069,0.30919723551302497
39071,0.2699763701851384
39073,0.2915929203539823
39075,0.0700561771231648
39077,0.49696441149833964
39079,0.3541911211437171
40061,0.22264860208317017
40063,0.41191173320002855
40065,0.7524767450654163
40067,0
40069,0
40071,0.7552510630986642
40073,0.2756418784089397
40087,0.2283371007940648
40083,0.44625788568151403
40085,0
40077,0.2670790747713825
40079,0.27103842489679264
40081,0.07889592390511481
48439,0.9871179867266177
48441,0.839665110337171
48451,0.8435912323994774
40089,0.30747187113510904
40091,0.1269998024886431
40093,0
40095,0.27897727272727274
40097,0.22601129450544125
40099,0.5430011862396203
40101,0.588829412593323
48443,0
48445,0.7533001343767292
48447,0
48449,0.4944331044720727
48463,0.6861579246354857
48453,0.9453647782900145
48455,0.22763112787110046
48457,0.2186896995313792
48459,0.2070009412602712
48461,0
48479,0.9740036116082843
48465,0.8984226354876327
48467,0.24981456475018543
48469,0.733734287327319
48471,0.5441711734280367
48473,0.3835898622844578
48475,0.7211484331018952
48477,0.465092828756154
48491,0.8801005017992377
48487,0.7810860731437015
48489,0.6542423420981296
48481,0.5010416666666667
48483,0
48485,0.8933307984790875
48503,0.6643126684636118
48493,0.14138589869052612
48495,0.8187060478199719
48497,0.2789250257919394
48499,0.2580068630254504
48501,0.6267292803655287
48505,0.7646597232130118
48507,0.61967971225486
49001,0.43475637351033336
49003,0.6890045022511255
49007,0.6628510021959538
49009,0
49023,0.5652937731797775
49011,0.9908052427735669
49005,0.8431242011077972
49013,0.31789111624657385
49015,0.2635750728862974
49017,0
49019,0.7461246612466125
49021,0.7744514004722397
49039,0.5907195744374955
49025,0.45080701754385966
49027,0.2605774614092618
49033,0
49029,0.3715281444714331
49031,0
49035,0.9909668772550029
49037,0.2213481622134816
49041,0.3528506874339006
21139,0.046223342788107996
21163,0.1410041255856234
51059,0.9860602407633726
51061,0.42504179255555724
51063,0
51065,0.37086917597602276
51067,0.10769422532452501
51069,0.5522763552774408
21141,0.25019564002235883
21143,0
21145,0.7217570350034317
21153,0
21155,0.28486377396569124
21157,0.14140803866700585
21147,0
21149,0
21151,0.6148270538858603
21159,0
21161,0.44602630074328187
21179,0.4305545963119
21165,0
21167,0.4085603112840467
21169,0
21171,0
21173,0.40888335408883353
21175,0
21177,0.31566081462903584
21189,0
21181,0
21183,0.2651203758073987
21185,0.7967206048146429
21191,0
21187,0
21207,0
21193,0.2592644190582335
21195,0.12201648622047244
21197,0.3289463252200111
21199,0.4605236033807462
21201,0
21203,0.16281660412757973
21205,0.3120901727167531
21219,0
21209,0.6753651453161766
21211,0.52992346817512
21213,0.5478155479886881
21215,0
21217,0.478092362924282
21239,0.6384377882032158
21221,0.20643001604017017
21223,0.053013962992394144
21225,0.34717132005064305
21227,0.6881503093363329
21229,0
21231,0.3226829385480229
21233,0
21235,0.34843000252546513
22001,0.4830103767017953
21237,0
41061,0.5790352648749417
41063,0
42007,0.7417247667688915
22007,0.5500619102514838
22003,0.3057755006986493
22005,0.8678356573240684
22011,0.33505357042688055
41065,0.6693372466584698
41067,0.9440996016688377
41069,0
41071,0.7739659048521569
42001,0.4632421824923329
21023,0
21037,0.8470377258235919
21029,0.6958651219741924
21031,0
21033,0.4536352433764633
21039,0
21035,0.5128122395203141
21055,0.29178743961352654
21041,0.4777541393025622
21043,0.2062049062049062
21045,0
21047,0.7144479751200055
21049,0.7253250217617162
21051,0.21431201104463876
21053,0
21067,0.9693309398484803
21057,0
21059,0.7298357060089389
21061,0
21063,0
21065,0.23875408942202836
21083,0.3059184827994936
21069,0.194800669082799
21071,0.1612886872322628
21073,0.7244597747793446
21077,0
21075,0.355643622486423
21079,0.2210856196783349
21081,0.3500932608871949
21095,0.4584329530705649
21085,0.2641963800201973
21087,0
21089,0.6071254402600921
21091,0.10694687682428489
21093,0.657874041859716
21117,0.9302404207362885
21097,0.34070890374615304
21099,0.12813890873124897
21101,0.6180108108108108
21103,0
21105,0
21107,0.5287510656436487
21109,0
21111,0.9862689853946047
21115,0.26982359993149513
21113,0.7410159305149632
21129,0
21119,0
21121,0.37076184800677475
21123,0.24047065454801664
21125,0.4315791262383388
21127,0.2289407313997478
40103,0.4369864198598737
40121,0.4808342605318847
21131,0
21133,0
21135,0
21137,0.1834128203055533
40105,0.42065299924069854
40107,0.25855139036994507
40109,0.9372461325878438
40111,0.5144875090468941
40113,0.40527047522750254
40115,0.5069078121075107
40119,0.6626632191338073
40117,0.18869518006876998
40137,0.5667510211330137
40123,0.4640990077883282
40125,0.49328936378560523
40127,0
40129,0
40131,0.4970485012369829
40133,0.353268974177851
40135,0.3337500884621736
40149,0.2473127526012555
40139,0.5493217054263566
40141,0.48786286286286284
40143,0.9522060712326588
40145,0.6253129917219675
40147,0.7611817325800376
41017,0.7235645045741855
40151,0.6330254561838252
40153,0.5649121059708182
41001,0.5899343002355275
41003,0.812360509003377
41005,0.8192142386008213
41007,0.6102756553902643
41009,0.563879151384977
41011,0.6164681249306029
41013,0.5198302984078559
41015,0.6126810946163477
41019,0.5882210890987953
41021,0
41023,0
41039,0.8247700553004563
41025,0.5565885206143897
41027,0.4782511411438289
41029,0.7994744249677667
41035,0.624194034347695
41037,0.36668777707409755
41031,0.3687845303867403
41033,0.5503608864386493
41051,0.9865775280348794
41041,0.6241039231872094
41043,0.6836173203510697
41045,0.5158240986171877
41047,0.8690630599204021
41049,0.5413049315313703
49043,0.6080002202400616
49045,0.8229928887972792
49057,0.941990001556851
41053,0.8007373711921276
41055,0
41057,0.30396039603960395
41059,0.709338639328493
49047,0.531514667975942
49049,0.9667301631550012
49051,0.7314917127071823
49053,0.8478659088440792
49055,0
50015,0
50001,0.21569213220716438
50003,0.3548821548821549
50005,0.25609248406827423
50007,0.740138618288671
50009,0
50011,0.2828509194487496
50013,0
50025,0.3175476826994361
50017,0.027612662427426042
50019,0.14703830193529432
50021,0.3898640537295999
50027,0.24411505205576142
50023,0.4719488023650351
51025,0.24492371228633705
51027,0
51023,0.3590261855918909
51001,0
51003,0.5497726583813277
51005,0.4760615384615385
51007,0
51009,0.36336661206070536
51011,0
51013,1
51017,0
51021,0
51015,0.3356203389830508
51019,0.2156794222144563
51043,0.30475986888983897
51029,0
51031,0.38886255059990515
51036,0
51033,0.2159747766684183
51035,0.028560015977631317
51037,0
51041,0.9407119998988097
51057,0.22724419334588827
51045,0
51047,0.38077491486217313
51049,0.039992041384799046
51051,0
51053,0.2879182886325488
20181,0.7575707154742096
20183,0
20185,0
20209,0.9393733532268816
20189,0.6876310272536688
20191,0.37145698657384385
20193,0.6915189873417722
20195,0
20197,0
20199,0
20201,0
20203,0
20207,0
20205,0.2731427356786056
21011,0
21003,0.2130186410102225
21007,0
21013,0.3752047680457286
21005,0.5830260025208908
21001,0.24544382504288165
21009,0.3672491878690157
21015,0.867276598968109
21019,0.7468208792539663
21021,0.6518007878446821
21017,0.552514385789342
39167,0.43437793389232415
40011,0.4256886879343548
21025,0.1849690157083153
21027,0
39169,0.4899930143206427
39171,0.3637160618458105
39173,0.7045374856559989
39175,0.4258235684280345
40001,0.167041396640656
40003,0
40007,0
40005,0
40009,0.6734481667344817
40013,0.386693700490381
40015,0.20030405405405405
40023,0.330680697139099
40025,0
40029,0
40031,0.7820996309368402
40021,0.3995147594015366
40045,0
40017,0.7749197254654192
40019,0.43922030405618523
40027,0.8311626361165959
40033,0.4046504117552075
40035,0.3993612349457715
40037,0.46055997827547274
40039,0.6967490625796352
40041,0.18883023597753512
40047,0.7858864311654011
40043,0
40059,0
40049,0.31298955613577023
40051,0.3611413095306212
40053,0
40055,0.47347331303093443
40057,0
40075,0.3834427270802456
55045,0.3978339938114109
55047,0.25673193008241035
55049,0.20078524084941107
55051,0.3220081135902637
55053,0.2776174874076972
17039,0.512469053801099
17041,0.3836336336336336
17057,0.3997410234967223
34021,0.9651744958569001
34023,0.9932568425575842
34025,0.9627050350582188
26125,0.9521333841222527
55057,0.16505400540054005
55059,0.8927691586651124
26111,0.5721938561982087
26113,0
26115,0.6244400444675406
26117,0.15381579362824035
26119,0
26121,0.7668536715682859
26123,0.16159719356170038
26137,0.34340341003145175
26127,0.10109145652992096
26129,0
26131,0
26133,0
26135,0
26153,0.4103712433706541
26139,0.7968430748935751
26141,0.19138755980861244
26143,0.33948218741052805
26145,0.6888179488332359
26147,0.6135426889106967
26149,0.4557304837262419
26151,0.09801920489864081
26163,0.993043990280042
26155,0.4502462914732193
26157,0.15839150173159397
26159,0.29140549188281883
26165,0.3571101267756224
26161,0.8355351502794447
27013,0.7310702513551934
27015,0.6506005484107674
27011,0
27001,0
27003,0.8649937735005018
27007,0.3291031006705369
27005,0.2452928870292887
27009,0.5998803672206184
27027,0.7208088272682588
27017,0.4483411518679704
27019,0.8117242591331474
27021,0
27023,0.4965838758942207
27025,0.4441145359734259
27043,0.22380265237408095
27029,0
27031,0
27033,0.37725678103876104
27035,0.37264
27037,0.9506915032417351
27039,0.48235176980136407
27041,0.47163209197700573
47057,0
47065,0.8997779845034967
47073,0.421392500835782
34027,0.932306267215952
34029,0.97101637797515294
17043,0.9995244971229895
17045,0.48196597760551246
17053,0.5822029685391662
17055,0.5141932711508809
17047,0
17049,0.40301384264937795
17051,0.330126467931346
17069,0
17059,0
17061,0.2915166354601757
17063,0.7562471286179414
17065,0.3190256592172165
17067,0.2902533500837521
17091,0.7554319562093981
17071,0.0034101759650797983
17073,0.49724676147842967
17075,0.28258967629046366
17077,0.6283337208143744
17079,0.30140235100020624
17081,0.41229041646277076
17083,0.39430063084620404
17085,0.2740982449951495
17087,0
17089,0.964416644509955
17099,0.6978511990449774
17101,0.4198300956454583
17103,0.46787488551525075
17113,0.8350317269360508
17093,0.8958042811323386
17095,0.7567981254369887
17097,0.9873269629347428
17105,0.5919640564826701
17107,0.6013529120607161
17109,0.7049552312032381
17111,0.9012145355616012
17125,0.22514659757261693
17115,0.8473837209302325
17117,0.41486444048989846
17119,0.8665933853729547
17121,0.5494332733220072
17123,0
17141,0.5290016262594164
17127,0.4949121783654158
17129,0.2430539157811885
17131,0.22240477059754168
17137,0.6377190761526993
17139,0.3076249494813418
17133,0.5864004612070274
17135,0.5837762423598193
17149,0.27693244065733413
17143,0.8535448861625575
17145,0.563579418344519
17147,0.32339051945722996
42003,0.9751370828251651
42005,0.32513308481165054
42009,0.1620513644949962
42013,0.765691759318273
42011,0.7626396916211763
42057,0
42015,0.27825684264316053
42017,0.9117039771355092
42025,0.5283759138071081
42027,0.6778232352750179
42029,0.8672341977926821
42021,0.6799393091544346
42023,0.5264503441494592
42035,0.543095978388297
42039,0.36299217033740777
42041,0.7782214556978156
42043,0.8667661320402835
42045,0.9953611853039201
42047,0.4432479809678833
42049,0.7998046805386255
42051,0.5210239667364538
42053,0
42055,0.5964790332713978
42019,0.5803591824303009
42031,0.23439531859557866
42033,0.4615026579456652
42037,0.5914852515045694
42069,0.8369451167475762
42059,0.33167037171069635
42061,0.3133752967569098
42063,0.3993024302430243
42065,0.38539823008849555
42067,0.17746387400552038
42091,0.970662879403506
42071,0.7874288904503846
42073,0.5968191596786232
42075,0.7344423814087206
42077,0.9207432395700106
42079,0.80015144055490806
42081,0.6372350595550809
42087,0.49533010582237263
42089,0.6164611815687522
42083,0.36462600690448793
42085,0.5551106843395806
51071,0.337151452042115
51073,0.35373595962884585
51085,0.6091445280033646
42093,0.4623090819510593
42095,0.8723159856919744
42097,0.6513942958700067
42099,0.11501229089168788
51077,0.001223202214639799
51075,0.030068609844822028
51079,0.487583546160952
51081,0.12987012987012986
51083,0.22918793631522308
51101,0.16786946972074052
51087,0.9573101796797368
51089,0.3927905301841148
51091,0
47075,0.5258423377867675
47095,0
27045,0.06719064506853253
27047,0.571684530475124
27049,0.5295671567459888
27057,0.16634031721167025
27051,0
27053,0.9777503959042888
47081,0
47083,0
47085,0.17509979501564354
47087,0
47089,0.4051199253020017
47091,0.14788423591317693
47093,0.8907863016107315
47071,0.3207177437946669
47079,0.33151871326940924
47117,0.3417709115850671
47097,0.4133740787344958
47099,0.24122859394778953
47101,0.298084039141518
47103,0.2751116573244207
47105,0.5938709943158414
47107,0.396586691156775
47111,0.20428802588996764
47109,0.14726749760306806
47113,0.7417339817282845
47115,0.22984028048305416
47129,0.0011370355209896757
47119,0.5840703592074707
47121,0
47123,0.23924616455895237
47125,0.8025775977624455
47127,0.0012574662055957245
47151,0.19443944574410654
47131,0.38416071933851037
47133,0.1578137028483449
47135,0
47137,0
47139,0
47141,0.6502399026562132
47143,0.31984658430004087
47145,0.49007954818109667
47149,0.8297855325889933
47147,0.4676010440082676
47163,0.7443869840520841
47153,0.26197562358276644
47155,0.43352356795603464
47157,0.9724021284027062
47159,0.17124073880830637
47161,0
47175,0
47177,0.3862044730038405
47185,0.21825780736039627
55061,0.2766598619616992
55071,0.6113798777043786
47165,0.7211740172429892
47167,0.4487483832943141
47169,0
47171,0.553322776169934
47173,0
55067,0.4083696250688292
51093,0.42614119648426424
51095,0.8414839797639123
51097,0
51099,0.2681054952510176
51113,0
51103,0
51105,0.00437722280845742
51107,0.8739909897506012
51109,0
51111,0
51133,0
51115,0
51117,0.22189629358022428
51119,0
51121,0.7507415882701924
51125,0
51127,0
51131,0
51145,0.0032446694715824002
51135,0.47656594966252447
51137,0.4222096114214032
51139,0.19840279510856001
51143,0.1437029572008944
51141,0
51159,0
51147,0.36789626840123246
51149,0.46597620713785864
51153,0.9583385157287775
51155,0.530970406056435
51157,0
51175,0.020355411954765753
51161,0.8145946999220577
51163,0.08360604294616039
51165,0.4066750530702099
51167,0.11814375194656884
51169,0.1787548000172585
51171,0.33415092991689094
51173,0.24714356681569796
51187,0.4959148369926813
51177,0.6767241027149358
51179,0.8024519040640193
51181,0
51183,0
51185,0.4811216114290785
55069,0.459520578923564
55063,0.831722465500096
55065,0
55081,0.42327580417701965
55073,0.57009764066148
55075,0.3817097415506958
55077,0
55078,0
55079,0.9980796319646315
55093,0.46351690679928814
55083,0.18656399362719064
55085,0.2502916828712706
55087,0.7526132601375252
55089,0.7511314312170844
55091,0
55109,0.46831466002726896
55095,0.1453455491460242
55097,0.6396835144746426
55099,0
55101,0.8772209940227627
55103,0.2786193884912047
55105,0.7958348666196805
55107,0.23375127075567603
55131,0.6921531310894933
55111,0.5385310442752033
55113,0.15799963761551006
55115,0.25607285036592053
55117,0.7171513414771399
55119,0.19556285949055052
55121,0.1038659078289839
55125,0
55123,0.14308265878480503
55127,0.6580291113980514
55129,0.16799698321915657
56001,0.8806027714262101
55133,0.9013955182345835
55135,0.35060103033772183
55137,0.10503755715218811
55139,0.8656897852617459
55141,0.6331723501317743
56023,0.172705180603115
56003,0
56005,0.7092753560358095
56007,0.5836953100409191
56009,0.4463962987059929
56011,0
56013,0.48575629937940834
56015,0.540040757793041
56017,0.6851620947630923
56019,0.5097444275878166
56021,0.8021539601909786
13121,0.9892231101880226
13149,0
56025,0.855506958250497
56027,0
13123,0.12356849992930864
13125,0
13133,0.17250218832062023
13135,0.9951447931942666
13127,0.7943385326400925
13131,0.3763943864699532
13139,0.7944335611406692
22009,0.36218002044066266
22013,0.20163032118720825
22023,0
22015,0.756580240897939
22017,0.8556491181280862
22019,0.7949970949535192
22021,0
22035,0.6542080164969712
22025,0
22027,0.17644664146554231
22029,0.6654500048026126
22031,0.2273784513805522
22033,0.9312403588605338
22057,0.7578334267738117
22037,0
13141,0.3841340545126737
13143,0.22640722724113968
13145,0.033162628028978264
13147,0.25534446515686354
13171,0.3912758639515204
13151,0.8614666392051863
13153,0.9003788420300215
13155,0.352904172782554
13159,0.18237410071942445
13161,0.30488452349349615
13163,0.19332545776727703
13165,0.338968824940048
13167,0.3458917835671343
13169,0.32285744183612963
13129,0.48441633747689633
13137,0.41237424781022747
13157,0.39985120277754815
13193,0.4681139755766621
13173,0.28874776741416947
13175,0.43355907007474087
13177,0.6377129125733267
13179,0.7683955053346572
13181,0
13183,0.18660121681415928
13185,0.727957668470151
13187,0.16058199292531536
13189,0.3904
13191,0.2568896951091886
13207,0.19769906145927943
13195,0.08122332859174965
13197,0
13199,0.16715169152419063
13201,0
13205,0.4548897778534343
13219,0.49683004145330406
13209,0.012934341773539406
13211,0.24630624580255206
13213,0.2987281719995962
13215,0.9702240829976038
13217,0.6875587746853679
27055,0.42607873022546905
27059,0.37735350116352867
27061,0.20606773491943717
27071,0.5300127713920817
13221,0.007450164440566481
13223,0.7994716281161294
13231,0.01035312552465163
13233,0.4857866184448463
13225,0.617764939519769
13227,0.2689680948659577
13229,0.20647190532039664
27063,0.30868887590103256
27065,0.22599913787794815
27067,0.5547479817230522
27069,0
27083,0.5207100591715976
27073,0
27075,0.33020430701270015
27077,0
27079,0.3784066707576797
27081,0
27095,0.2917576732957811
22039,0.3890654425612053
22041,0.2581499494390138
22049,0.3446601941747573
22051,0.988574784072204
22043,0.1440674167376395
22045,0.7186373566357181
22047,0.4078533560966843
22053,0.49300500094954736
22055,0.9168148462392476
22069,0.49949451549310014
22059,0.26809939556749496
22061,0.5932170749973253
22063,0.5888335181916173
22065,0.7755726453320102
22067,0.49962471853890417
22091,0
22071,0.9940813602110351
22073,0.7580861306271143
22075,0.8046176547174725
22077,0.4218928164196123
22079,0.6047274965238996
22081,0
22083,0.3395416164053076
22085,0.11802088061734
22089,0.885107995452823
22087,0.9574616263197482
22103,0.7678189441259519
22093,0.7229662473984255
22095,0.8655387161397091
22097,0.5182768876523074
22099,0.5042944785276073
22101,0.8696065873741995
22119,0.46958041109520227
22105,0.5907082751843563
22107,0
22109,0.793715358483819
22111,0.17089916817041503
22113,0.4537836859256194
22115,0.5010318339893759
22117,0.33325559701492535
42101,1
42103,0.2923878749847479
42129,0.7463640122792461
22127,0.3510742506367139
42105,0
42107,0.6353876551868312
42109,0.33179688680671
42111,0.29197859586838515
42113,0
42115,0.15970107943537226
42117,0.09890188418570306
42119,0.5718512915211249
42121,0.45244071002473446
42123,0.4495755111801985
42125,0.6917524781060533
42131,0.165440656387042
42127,0.1190602400514937
45009,0.4549321323575405
42133,0.7527955822443744
44001,0.9885714285714285
27085,0.5344465362473056
27087,0
27089,0
27091,0.45959692898272553
27093,0.3448068669527897
27115,0.10699159663865546
27097,0.2718236038315561
27099,0.6409876669305211
27101,0
27103,0.7442784245424268
27105,0.590139395640378
27107,0
27109,0.8340704897121624
27111,0.26410484616861246
27117,0.42705293872446853
27113,0.6376884422110553
27133,0.4769278414369774
27119,0.515253164556962
27121,0
27123,0.9981283422459893
27125,0
27127,0.30873653403076157
27129,0
27131,0.7406535499360793
27145,0.6306674101512194
27135,0.17678674259389596
27137,0.6288543945341764
27139,0.8276045194261437
27141,0.558074102532232
27143,0
27157,0.3545857169219413
27147,0.6942804024496938
27149,0.5267324696689286
27151,0.3261780639885516
27153,0.21610765213898372
27155,0
30049,0.7107027368088966
30061,0
27159,0.3301307520046233
27161,0.498380016722408
27163,0.8553179695636107
27165,0.40897332976540895
27167,0.49863138686131386
30057,0
30059,0
30051,0
30053,0.2020622745974501
30055,0
30073,0.41898261010889
30063,0.7767317175820456
30065,0
30067,0.5226400613967767
30069,0
30071,0
30089,0
30075,0
30077,0.4578056069446421
30079,0
30081,0.15373520342186411
30083,0.557972501539093
30085,0.6026858513189448
30087,0
44003,0.920136255852863
44005,0.8790777917189461
44007,0.9449117314299301
44009,0.691767930130179
45001,0.214226698666247
45005,0.3174009021979077
45007,0.6207421737225185
45021,0.3895052582125691
45011,0.1745723000751514
45013,0.803535655507819
45015,0.7104637236213964
45017,0
45019,0.8911906889885753
45003,0.6300101812003822
45037,0.26688901241430424
45023,0.28216656608328305
45025,0.2623357726708606
45027,0.1429184181178691
45033,0.30494042792090326
45035,0.8051700779905533
45029,0.24431759744934692
45031,0.4223584397431604
45049,0.21526789947842578
45039,0.21685590248789446
45041,0.6148153559557292
45043,0.5848266232255062
45045,0.8739431547454153
45047,0.6024748424512999
45065,0
45051,0.6962430976155906
45053,0.3332929733220325
45055,0.42319723811530546
45057,0.5004566090904347
45059,0.3580564197363873
45061,0.28048907388137356
45063,0.7472398062433544
51550,0.9237294619029832
45073,0.35078696161458406
51191,0.28323857424010496
51193,0.21158473702303196
51195,0.43329634275788864
51197,0.24669061056952282
51199,0.9390046437736771
51530,0.9610526315789474
51540,1
51510,1
51515,0.9794278367084539
51520,0.9996075133165124
51610,1
51570,1
51580,1
51590,0.9548484496574149
51595,0.9368989370676565
51600,1
51690,1
51620,0.9674900955488231
51630,0.9883471959153421
51640,0.8628230616302187
51650,0.9975115690212172
30101,0.5704357625845229
30091,0
30093,0.8855847953216375
30095,0
30097,0
30099,0
31013,0.750442164839052
30103,0
30105,0.44795766046953456
30107,0
30109,0
30111,0.8331170762036061
31001,0.7751562300726949
31009,0
31011,0
31015,0
31005,0
31003,0
31007,0
31017,0
31021,0
31023,0.3429422275163788
31027,0
31025,0.27043302563289884
31019,0.6773892672769077
31039,0.34795929532771636
31029,0
31031,0.4748818484158936
31033,0.6374274854970994
31035,0
31037,0.5948644793152639
56029,0.5575961708916859
13235,0.33297252289758533
13257,0.4143648519579752
31041,0.3233385135752811
31043,0.7891078739407789
31045,0.6006316706599869
31047,0.7334539176190085
56031,0.4135225568247375
56033,0.6452122544305536
56035,0
56037,0.8908368716614162
56039,0.5356908049215742
56041,0.5690406288474288
56045,0.45463374028856823
56043,0.6404547052619243
72001,0.5646461017297131
72003,1
72015,0.9578033205619413
72017,0.9795293359123146
72005,0.9992944921163596
72007,0.8945880875117764
72009,0.8799227799227799
72011,0.8740644543932197
72013,0.9062733305682289
72019,0.9681377399564615
72021,0.9998846796978608
72023,0.9546713278472808
72025,0.9910352501522118
72027,0.86507011007139
72029,0.9772288448623238
51660,1
51670,1
51678,1
51680,0.9730838450137624
51685,1
51683,1
51740,1
51700,0.9997177939231625
51710,1
51720,0.9742294087923193
51730,0.9789327575570635
51735,0.9349794238683128
51820,0.9747215081405313
51750,0.9706850316918576
51760,1
51770,0.9999381647291615
51775,1
51790,0.9630674639939358
51800,0.7836732281137317
51810,0.9846550409366338
53017,0.7340428300070255
53003,0.9334504925311011
53007,0.7277545443252867
53005,0.8942897754842245
51830,1
51840,1
53001,0.5984087996582657
53009,0.6454680410061061
53011,0.8623152460369143
53013,0.6574301128003923
53015,0.7134850112293721
53019,0
53021,0.8666632549927715
53023,0
72037,0.8818868755043651
72035,0.9084145555809555
72031,0.998359375883957
72033,0.9998578535891969
72039,0.6155361516345437
72041,0.9610855565777369
72043,0.811339849921011
72045,0.8743863701992493
72049,0
72051,0.9997641818420019
72053,0.9788068012867299
72054,0.8208990536277603
72047,0.9361639114748802
72055,0.8874247181757348
72057,0.9087562276795556
72059,0.8788749362865483
72061,0.9998672439851313
72063,0.9964292799047808
72065,0.8916406454842324
72067,0.9980289855072464
72069,0.9951766838846509
72075,0.9326068536071098
72077,0.9678580292876644
72071,0.9346277749775372
72073,0.6790049272923927
72079,0.8173028385042519
72081,0.742756804214223
72083,0.3369092197146038
72089,0.9113514052222443
72091,0.930723369528257
72085,0.9756690368455074
72087,0.9926480372588157
13237,0.19054576303138845
13239,0.26900119379228016
13241,0.20717621037109854
13243,0.49371680269464957
13245,0.9078379847319109
13247,0.8506718300768644
13249,0
13251,0.21078599328445144
13253,0.31446901134150534
13255,0.583802849874362
13275,0.5397808586762075
13259,0
13261,0.5821627715652519
13263,0.06117989803350328
13271,0.5301212121212121
13273,0.4794417606011809
13265,0
13267,0.3176332288401254
13269,0
13291,0
13277,0.5921780746796949
13279,0.48943907725085406
13281,0
13283,0.4113289760348584
13285,0.5570073384642921
13287,0.5026875699888018
13289,0
13303,0.34398451880870345
23001,0.5663311730515682
23003,0.19734242382078754
23009,0.09886434635598515
22121,0.6953926349419876
22123,0
22125,0
23005,0.6390153155775826
23007,0.17001430057202288
23025,0.195240101095198
23011,0.37169568812371573
23013,0.320691564324542
23015,0
23017,0.1688828177684021
23019,0.4234974630172229
23021,0
23023,0.38324880287875784
24017,0.7049627774631357
23027,0.0865776311040066
23029,0.07621134648161675
23031,0.4315658115669276
24001,0.7274761276918774
24003,0.9469586501406103
24005,0.934661981121177
24015,0.5789749574712189
24013,0.6049397489439612
24009,0.6129010446600629
13293,0.5309173940264428
13295,0.5614637268020245
13297,0.5734170566326043
13299,0.7055794227803481
13301,0
13319,0
13311,0.162061597406425
13313,0.7092271854501506
13305,0.42061198046446724
13307,0
13309,0
13315,0
13317,0.326347588029831
15009,0.8543214022759859
13321,0.30836293186955116
15001,0.6200919607302827
15003,0.9913712341600512
15005,0
15007,0.8713985482404495
27173,0.19179919524813183
16007,0
16009,0.2808831448572967
16001,0.9452779937048411
16003,0
16005,0.8427069375535677
16011,0.43969127546210013
16013,0.6723428143712575
27169,0.6546510950039836
27171,0.6749238171611869
28011,0.46044808903206913
28001,0.6277363222590333
28003,0.3364816363979815
28005,0
28007,0.3569310979349826
28009,0
28027,0.6800122366257505
28013,0
28015,0
28017,0.1470216191352346
28019,0
28021,0
28023,0
28025,0.4445575264127169
28055,0
28029,0.3442222146762199
28031,0
28033,0.7957110609480813
28069,0
28065,0
28035,0.703645875036699
28037,0
28039,0.116750819381699
28041,0
28043,0.4784533917648133
28045,0.5744041521546132
28047,0.7715507335453355
28049,0.8472348492569868
28051,0.13152411709553077
28053,0.5015466666666667
28063,0
28067,0.3856348046811588
28071,0.544191252560664
24011,0.24000483880723403
24029,0.27414962618210625
24019,0.437795082469802
24021,0.7479229599160186
24023,0.16101272552081602
24025,0.8224289903850082
24027,0.907483846247627
24045,0.7419403846738173
24031,0.976162226519047
24033,0.9803328623381437
24035,0.45512364534080924
24037,0.4958202965259484
24039,0.5420853796751038
24041,0.4534434386745011
24043,0.7051007257681612
25005,0.9016569849622004
24047,0.6447312162319742
24510,1
25001,0.9251695323501075
25007,0.6097369216812821
25003,0.6840625214336339
25023,0.896922526716493
25009,0.9575595532046305
25011,0.45568290085747915
25013,0.9142915704761699
25015,0.7255630060728745
25017,0.9697229364939441
25019,0.8110499410145497
25021,0.98759633301036
45075,0.3622231111015016
45077,0.6420770985707576
45089,0.18063504052523022
25025,0.999259026374506
45067,0.39247474441957536
45069,0.44952130784916877
45071,0.3215047456542604
45079,0.9092961321598735
45081,0.19471698113207547
45083,0.7256768211827356
45085,0.6803435824895772
45087,0.34643140775525705
46007,0
45091,0.7704502527944513
46003,0
46011,0.7033317691224777
46015,0
46013,0.7110946867044428
46005,0.726347856075411
46009,0
46027,0.7567801500288517
46017,0
46019,0.5182987141444114
46021,0
46025,0
46023,0
46043,0
46029,0.7753700370955302
46031,0
46033,0
46035,0.7667657916324856
28073,0.4964425599195084
28095,0.3036578442239585
28057,0.13747275757446262
28059,0.7273963971704327
28061,0
28099,0.2614570696859415
28103,0.25967951494153313
28075,0.5174493215883181
28077,0
28079,0.18811174123083385
28081,0.5463514654444579
28083,0.8231890336355479
28085,0.30499870945539015
28087,0.5740142859532612
28089,0.720187389052866
28091,0.26927052569403426
28093,0.16584105104458324
28097,0.40164759725400456
28101,0.12937384898710866
28105,0.6357533930481845
31049,0
31051,0
31067,0.5560037649589888
31053,0.748712218255158
31055,0.9782947535340644
31063,0
31065,0
31057,0
31059,0
31061,0
31079,0.8537546709437439
31069,0
31071,0
31073,0
31075,0
31077,0
31095,0.5183516629124155
31081,0.48947829899167034
31083,0
31085,0
31087,0
31089,0.3528509822712027
31091,0
31093,0
31107,0
31097,0
31099,0.454461396208969
31101,0.52868068833652
31103,0
31105,0
31129,0
31109,0.9174687376273182
31111,0.6948026895943563
31113,0
31115,0
31117,0
31119,0.7209542378713155
31121,0.4110898661567878
31123,0
31127,0.4793046357615894
31125,0
31141,0.6857337841610571
46037,0
46039,0
46041,0.3591775136766648
46065,0.7472682410997532
46045,0
46047,0.5004228925852834
46049,0
46051,0.4463023382272974
46053,0
46055,0
46061,0
46063,0
46057,0
46059,0
46077,0
46067,0
46069,0
46071,0
46073,0
46075,0
46089,0
46079,0.55125
46081,0.6311574054861601
46083,0.7073480860176675
46085,0
46087,0
53039,0.3978738064770155
53025,0.6125112208258527
53027,0.598870832589255
53029,0.5310422133340127
53031,0.4253146759507231
53033,0.9679285270827325
53035,0.8325827350447771
53041,0.39345305148764165
53037,0.5994378589759257
53057,0.7097886245626641
53043,0
53045,0.3630372823275507
53047,0.2001215953307393
53049,0.3522944550669216
53051,0.16891008383970463
53053,0.9340928667987047
53055,0
53069,0
53059,0
53061,0.8918053929780538
53063,0.8632828333202468
53065,0.2079437642140084
53067,0.7901127390352963
54013,0
53077,0.7648079397774132
53075,0.724696265856709
54001,0.1627584543974923
53071,0.8287541892788486
53073,0.7412647906930496
54005,0.1859190385318121
54003,0.6837446841190757
54007,0
54011,0.7844142900154695
54009,0.5787112052848061
54029,0.6968965966879646
31131,0.4489199491740788
31133,0
31135,0
31137,0.5811928602525033
31139,0
31157,0.7018122802272112
31143,0
31145,0.6841248303934871
31147,0.49420064570130334
31149,0
31151,0.4892957746478873
31153,0.9472613951145807
31155,0.3351299326275265
16015,0
16033,0
31163,0
72093,0.4297323135755258
72095,0.7588548057259714
72097,0.9594185002245172
72099,0.874417213094318
72101,0.8893590923029745
72103,0.9162050898203593
72113,0.955948222477409
72111,0.8363396754797793
72105,1
72107,0.6410792810485421
72109,0.7441510608497173
72115,0.9244955438095606
72117,1
72119,0.9744401885680612
72121,0.9168018998614684
72129,0.8877928783671879
54015,0
54017,0
54019,0.421273268315993
54021,0.39284481766938917
54023,0.21320264723129764
54025,0.30264937993235624
54027,0
54041,0.310102614219399
54031,0.19479500891265597
54033,0.6295025977221088
54035,0.28561158467700526
54037,0.5162622901790721
54039,0.7481184898193853
72127,1
72123,0.8630542505952764
72125,0.9110254172882596
72131,0.8688192316757012
72133,0.8720030935808198
72141,0.5307249087453618
72139,1
72135,1
72137,1
72143,0.9824785362068534
72145,0.9582313700512889
72147,0.8848510912805074
72149,0.865416331070456
72151,0.8484752642260351
72153,0.8159027662155413
16021,0.2381516587677725
16017,0.2755339188296597
16019,0.8704837193238291
16023,0
16025,0
16027,0.8013211731763734
16029,0.4011202068074106
16031,0.4848814918089927
16049,0.19364357287760497
16035,0.4138796940988472
16037,0
16039,0.7311561506028552
16041,0.3381041764429845
16043,0.27956502038966924
16045,0.5497936479454513
16047,0.4191670977754785
16061,0
16051,0.3338944146901301
16053,0.4868150531867346
16055,0.7575562840267448
16057,0.6500912898721942
16059,0.38860887096774194
16083,0.7200958176874271
16063,0
16065,0.7153665814151747
16067,0.5577756739249589
16069,0.8083534954794346
16071,0
16079,0.43963963963963965
16081,0
16073,0.22705188269998264
16075,0.5733103478760554
16077,0.5741332992196495
17023,0.40459136822773184
16085,0
16087,0.5443224161600314
17001,0.674008613623832
17019,0.8728969917595397
17021,0.5654885057471264
17013,0
17017,0.4786688168890192
17015,0.18125690517969714
17003,0.3814032532168002
17007,0.8063694267515924
17005,0.3926159387663215
17011,0.4260964034535994
17009,0.5893037336024218
25027,0.8160971358158267
26001,0.010784134527508682
26009,0
54043,0
54045,0.2924910867376099
54047,0.14009858454302898
54049,0.5851678542309192
54051,0.510073398374966
54053,0.3499121651295564
54059,0.1026118707850516
54055,0.5926859822690479
26005,0.35532457274163437
26003,0.3095510884282887
26007,0.48172173795526724
26011,0
26013,0
26041,0.5624645930561925
26015,0.22871917935544928
26017,0.6968850618440954
26019,0
26021,0.6714303023346279
26023,0.3729667609618105
26025,0.6902296064518972
26027,0.28818388694471536
26029,0.29596516243400517
26031,0.17272101560110126
26033,0.5106178608515057
26035,0.29357175192394747
26037,0.47073571940250986
26039,0.27412249538155464
26045,0.620282296606316
26043,0.6723479058391929
26047,0.25111641279745517
26063,0.10538075970771182
26049,0.832447920336316
26051,0.11419897244278375
26053,0.31831740427345223
26055,0.5197618007495459
26057,0.39843676429042285
26059,0.3087302947224126
26061,0.6218466746751119
26075,0.5817670111327442
26065,0.8679364175225618
26067,0.39461700962366014
26069,0.41093985398076255
26071,0.2714733011762715
26073,0.5341127277381917
17035,0
17025,0.3526601520086862
17027,0.5124198930141411
17029,0.7571139531861971
17031,0.9995470361475934
17033,0.3983448554271585
28143,0.33976619038782707
17037,0.7969475085583873
28107,0.21059152332382516
28109,0.30074864777733995
28111,0
28149,0.5910647284358149
28153,0.20359570058321685
28145,0.2444165991007592
28141,0
28113,0.4056034056034056
28115,0.16046333077410957
28117,0.23935749327425226
28119,0.4300133771129758
28121,0.6609305380003813
28123,0.2783045570336824
28125,0
28127,0.15161982329200452
28129,0
28131,0.2118520184414708
28133,0.542376910016978
28135,0.19053192872935362
28137,0.2260956864917261
28139,0.1615689096797409
28147,0
28151,0.8247648473707883
28155,0
28157,0
29007,0.5880371342394923
29025,0
29023,0.47817451044538956
29027,0.37972570603627176
29031,0.6949678885746756
29029,0.25771555838370985
29003,0.38719565091666186
29001,0.6214706916077635
29005,0
29009,0.26735399050481784
28159,0.24085842275237004
28161,0.20681495504022718
28163,0.553928380545163
29019,0.8121395457507901
29017,0
29021,0.8662795260142824
29037,0.6759786083355114
29013,0.227286057833304
29011,0.3604257377842284
29015,0.13460327455919396
29033,0.3545992469069392
29035,0
29039,0.24703189815477042
29043,0.5520394719847072
29055,0.2669258179462261
29045,0
29047,0.9018423981364249
29049,0.23791158463095985
29051,0.7092512172654296
26091,0.48178032274856847
26077,0.8245283244983642
26079,0.1555413047280359
26081,0.8432466786808315
26083,0
26085,0
26087,0.22651977490687167
26089,0.08738713838216326
26109,0.35665237837612884
26093,0.6309492890969072
26095,0.48635198310963657
26097,0.22775128228201205
26099,0.9719469474825738
26101,0.38838798366554805
26103,0.5851036868076986
26107,0.33274919388756485
26105,0.3731057307089357
46091,0
46093,0.6200361720531572
46105,0
46097,0
46095,0
46099,0.8636379729506456
46101,0
46103,0.79198201054008
46117,0.5748482805124747
46107,0
46109,0
46111,0
46113,0.20020609450905344
46115,0
46137,0.26454837558014993
46119,0
46121,0
46123,0.5150602409638554
46125,0
46127,0.3860684769775679
46129,0.6357116586980508
46135,0.6523308672787236
47021,0.1703874184886843
47007,0
47009,0.6736850662547761
47011,0.6702808120206541
47019,0.5903455001393145
47017,0.16941308463642102
47001,0.653382848167818
47003,0.443983310399929
47005,0.21541633816483716
47013,0.4497740446016308
47015,0.18868197956669808
47033,0.32620320855614976
47023,0.34755706030004085
47025,0.2844503771769161
47027,0
47029,0.3246873422690819
47031,0.5271043260853094
47045,0.5713577670536064
47035,0.3910763027848643
47037,0.9658805676253149
47039,0
47041,0.21631148854350266
29053,0.46798477359240953
31175,0
31165,0
31167,0.2651329743840757
31169,0
31171,0
31173,0
31159,0.39617910447761195
31161,0
32003,0.9869392687527963
31177,0.38766432736977363
31179,0.5791558103178739
31181,0
31183,0
31185,0.558580314672521
32005,0.6844692214396664
32001,0.6528520319974274
32017,0
32007,0.6214920725961736
32009,0
32011,0
32013,0.6212487899322362
32015,0.6095238095238096
32510,0.9516047327857582
32019,0.6306271642939593
32021,0.6808466051969824
32023,0.6472944067719474
32027,0
32029,0.07356608478802992
32031,0.9573310362666021
32033,0.4666999002991027
33011,0.7880869732307516
33007,0.3375888670397822
33009,0.3128436455037142
33001,0.3372054320330182
33003,0.09797565770212054
33005,0.349845040652515
34007,0.9838257825747532
33019,0.35837410269306386
34001,0.872864224601073
33013,0.453870053603742
33015,0.7510187214410802
33017,0.6759864547720942
34003,0.9989846605297
34005,0.9333680978040443
34019,0.5043046693001114
34009,0.8254562278311829
34011,0.7697293783222221
34013,0.9998545860869499
34015,0.9165417915417915
34017,1
34031,0.975899095418035
47043,0.3224741271694922
54057,0.35406919041542606
54061,0.7313726101737205
54063,0.11479780773218783
54081,0.6074132312101346
47047,0.20956447036159634
47049,0
47051,0.30383416155120335
47053,0.5228549000664211
47055,0.26254027471595726
47059,0.34805538202263514
47061,0
47063,0.7812739831158864
47067,0
47069,0.19792316442226543
47077,0.23623465014944722
54065,0
54067,0.12842602828498456
54069,0.7690749949373354
54071,0
54073,0.4553583168967784
54075,0
54077,0.09549522673031026
54079,0.6421619868074829
54097,0.35998185866248866
54083,0.37616051691889135
54085,0
54087,0.20005359774889456
54089,0.2787391398003877
54091,0.40295945546019535
54093,0
54095,0.0894874022589053
54109,0.11115313498066902
54099,0.34813210611802925
54101,0
54103,0.46143641078212627
54105,0
54107,0.7322553935323612
55015,0.7246533662780013
55011,0
55013,0
55007,0
55005,0.3407237846086767
55009,0.8550565105017197
55001,0
55003,0.45138330135544963
55027,0.5135817212902354
55017,0.5385724585436193
55019,0.08270394926491785
55021,0.3932926292822832
55023,0.3758111031002163
55025,0.876700821393521
55043,0.35512029370410875
55029,0.3101313658448803
55031,0.6124459340111869
55033,0.40686777481359876
55035,0.7699927078269324
55037,0
55039,0.648706620881013
55041,0
55055,0.6594890423726788
