"est_unwt","est_wt","se_boot_unwt","se_jk_unwt","se_plac_unwt","se_boot_wt","se_jk_wt","se_plac_wt","true_att_equal","true_att_weighted","config","N1","gamma","hhi","sim"
1.19118161069854,1.10305106791709,0.196670551902446,0.178667566940457,0.131100776075677,0.178878990592299,0.202962878241176,0.147768607625888,1,1,1,5,0,0.3,1
0.8793345336327,0.877270721761269,0.133398255466445,0.108133785032722,0.189881731270715,0.159784028467667,0.117150786084437,0.23318062798222,1,1,1,5,0,0.3,2
0.780330121233555,0.592778970927491,0.160704020914457,0.159336145246508,0.166102308371445,0.239847363889139,0.406896541176323,0.176585575524064,1,1,1,5,0,0.3,3
1.02045527193614,0.997535827070088,0.21616566608182,0.195493223636026,0.171072609894153,0.210476310053177,0.247763183248246,0.150939456798339,1,1,1,5,0,0.3,4
1.21243429617089,1.39374006316731,0.174652852557261,0.153324103337195,0.147885422186356,0.137710664013011,0.0478183825504583,0.154141657472338,1,1,1,5,0,0.3,5
1.22701954436075,1.24938807335108,0.140544401807952,0.15240422657145,0.153130799969348,0.137267845439932,0.137821222807883,0.12437254496718,1,1,1,5,0,0.3,6
1.37874244781642,1.30241233159322,0.190956980474034,0.163499391720282,0.161882864292853,0.204640405074494,0.259331735517947,0.183423478851697,1,1,1,5,0,0.3,7
0.854478995423771,1.03977529770024,0.179096457186815,0.150563424622834,0.145312061943061,0.170388874679208,0.175625896009365,0.140415217654763,1,1,1,5,0,0.3,8
0.907650717912694,0.987196224450585,0.212077361227859,0.218413373571934,0.221678423406882,0.298248717475119,0.501094310503271,0.216245679232381,1,1,1,5,0,0.3,9
1.08439858018748,1.12692208846481,0.153088303399414,0.148768340946377,0.176831501645969,0.172479276559326,0.192931575068713,0.186305668061643,1,1,1,5,0,0.3,10
1.17369700973977,1.10842929685239,0.17302951774965,0.182574527748137,0.157941287779755,0.127408378935735,0.0963582106079015,0.157345989870084,1,1,1,5,0,0.3,11
1.08682099453852,1.02760878986596,0.225168404466616,0.205520701371841,0.209251424951463,0.196392337133754,0.2221264792021,0.165999237491242,1,1,1,5,0,0.3,12
1.1326566998448,1.18938893614162,0.128622571657355,0.126263986569341,0.14917811280981,0.120298711166204,0.148740639203832,0.164979030878641,1,1,1,5,0,0.3,13
1.0885120744226,0.9927025718774,0.14522182751913,0.114622795577374,0.167747826572578,0.149890355755554,0.126861274104894,0.15417548514648,1,1,1,5,0,0.3,14
1.14232514015446,1.0476469973239,0.0972645715048058,0.0731404677446648,0.187622040604558,0.110408028457938,0.0534111758703907,0.143518471364992,1,1,1,5,0,0.3,15
1.08938913608218,0.959030274291264,0.260030143942429,0.232365373544731,0.152746106490198,0.186498796804751,0.174409248164451,0.145060409070158,1,1,1,5,0,0.3,16
0.939792500378762,1.06970300417908,0.202032711438187,0.216258431427376,0.137674008281448,0.175857143559517,0.203096965118527,0.154368812422545,1,1,1,5,0,0.3,17
0.975820918099362,0.914513787636198,0.203437007185261,0.21569937060642,0.15981778966926,0.2518637247067,0.36350873300361,0.160597161798716,1,1,1,5,0,0.3,18
1.07190826745363,1.00105530228722,0.203219343601364,0.222015848316307,0.180227956331491,0.260531773811263,0.298599618688928,0.220894082884815,1,1,1,5,0,0.3,19
0.859918834074054,0.850856468202984,0.137654442248642,0.135899963661688,0.175401037511859,0.164618240872035,0.102510456692694,0.182818327015887,1,1,1,5,0,0.3,20
0.811149585408393,0.686475459425469,0.122081734452423,0.132704226751969,0.167714869885234,0.153434338041405,0.194187230328815,0.135032886661385,1,1,1,5,0,0.3,21
0.926882772051699,0.931721692644687,0.150015733017153,0.153775229827159,0.208108492473182,0.126855744411291,0.0812761911120667,0.156340305607848,1,1,1,5,0,0.3,22
0.895765634753835,0.962914560383293,0.21678052027757,0.223773824609523,0.157771077925485,0.262425348912976,0.35941127448013,0.16224864454744,1,1,1,5,0,0.3,23
0.957571092562134,0.978499951148204,0.143710951691104,0.157256044712765,0.130269830765995,0.156677199421234,0.160737086478194,0.178987815713206,1,1,1,5,0,0.3,24
0.855700453201483,0.935152887149429,0.134810491676107,0.160297557989367,0.172055413938102,0.120916938506343,0.0874230298756307,0.148648762610053,1,1,1,5,0,0.3,25
0.980732632447272,1.01177577216163,0.19714223795107,0.214748660895651,0.178262242849011,0.253469667119137,0.273478502672256,0.178740386478928,1,1,1,5,0,0.3,26
0.891005177516677,0.859048494872317,0.14147722544495,0.131866324905806,0.143948752086799,0.171725207527767,0.156766373541138,0.164092513728139,1,1,1,5,0,0.3,27
0.966550738373156,0.84068840457123,0.131396522256813,0.155357882098182,0.132326472014422,0.173157509067637,0.1775385967295,0.144734561125053,1,1,1,5,0,0.3,28
1.00902626404905,1.15536642266933,0.174277010682255,0.17847057354037,0.184628486778799,0.1910632806225,0.314586716380617,0.160646311097361,1,1,1,5,0,0.3,29
0.882866649446107,0.960585401400757,0.150180884718013,0.124849866143756,0.146377913011637,0.131393321859688,0.0697024775751769,0.150731396255246,1,1,1,5,0,0.3,30
0.898503828338421,0.680115668831585,0.245228297227854,0.234389825973441,0.133760522037936,0.251702686733136,0.171548120135389,0.167889241266552,1,1,1,5,0,0.3,31
0.903596514719104,1.07073179000335,0.194073721584357,0.200021032329883,0.137853085851509,0.245441826134381,0.349825724732059,0.188474432883794,1,1,1,5,0,0.3,32
1.08444285897328,1.15212614685031,0.167513121130409,0.185044588596865,0.153211288340032,0.19648815843283,0.227803800704059,0.139007790080411,1,1,1,5,0,0.3,33
1.52784594718512,1.39127630200821,0.13356834199073,0.102149664265829,0.141052062523129,0.124599901127778,0.171623479751852,0.159277855166261,1,1,1,5,0,0.3,34
0.796961984666798,0.774308382001119,0.233302477700456,0.216613662196986,0.155899286327376,0.226875180809181,0.267449273436188,0.151257104879268,1,1,1,5,0,0.3,35
0.928466870600224,0.925414972726711,0.182671121274824,0.142208542598374,0.168032406755687,0.138720473176029,0.129947601969414,0.143147060502198,1,1,1,5,0,0.3,36
1.09212213589309,1.11696818328868,0.102816765044144,0.0945320274963926,0.171440492304757,0.100905520688119,0.145315486102358,0.161621646354474,1,1,1,5,0,0.3,37
0.908674317240341,0.860423840339408,0.10149667713921,0.119747403114303,0.143270384006302,0.109485710676055,0.050965230143409,0.138431000589459,1,1,1,5,0,0.3,38
1.07256731705954,1.22819772677824,0.199001283384769,0.201893290958561,0.199345877560304,0.202499237729029,0.332847823480824,0.209102350446451,1,1,1,5,0,0.3,39
1.00695857932901,0.924320965730671,0.168809220699695,0.200836404590583,0.148415955264207,0.146394443977036,0.0847705579043844,0.169780495209774,1,1,1,5,0,0.3,40
0.938618473952277,1.13285440912719,0.187907248648939,0.202412499423757,0.158443542449262,0.216239161857057,0.300067233432984,0.166300925222497,1,1,1,5,0,0.3,41
0.934807841122769,0.743964000940948,0.16760110783847,0.202312346523842,0.145233313417161,0.151898070575909,0.225427508516574,0.183042557297061,1,1,1,5,0,0.3,42
1.26307683397984,0.950791164338557,0.294578658778325,0.275271103808316,0.191939819232476,0.350172760835191,0.524903276253842,0.156594427855553,1,1,1,5,0,0.3,43
0.914529921587932,0.834807316677662,0.133937801836931,0.134232797455212,0.173667907092983,0.0961681407360377,0.0738243396084877,0.157480964496712,1,1,1,5,0,0.3,44
1.20367640337719,1.18320261511132,0.181501797010595,0.177431533892642,0.159256045995099,0.17603301427495,0.161541771935615,0.159015401438041,1,1,1,5,0,0.3,45
1.17257084543037,0.783188980277335,0.208496461565837,0.272182476505753,0.146664563748878,0.464883477762237,0.675668648883331,0.189398139194249,1,1,1,5,0,0.3,46
1.24442337946361,1.3429793740672,0.161061233246944,0.143318258360721,0.157507149810403,0.109155947655423,0.145325133140774,0.177614691305218,1,1,1,5,0,0.3,47
1.32179801990121,1.15544043171057,0.16308248218007,0.195853429760175,0.168473377727989,0.138898567946573,0.180899102661798,0.14539893810828,1,1,1,5,0,0.3,48
0.893947212173916,0.806395516625689,0.174137527927067,0.198872138044836,0.19597904408163,0.215611589788616,0.270057972499376,0.187943606605935,1,1,1,5,0,0.3,49
1.31907279093788,1.26837398603318,0.110296060500356,0.09649984163108,0.138858004223848,0.105747417190001,0.105143991061157,0.210500898027525,1,1,1,5,0,0.3,50
1.14093092698287,1.11348007559902,0.19360966714978,0.233634131928357,0.162694634991389,0.256845415090054,0.27594405137733,0.170974073863,1,1,1,5,0,0.3,51
1.00640301797738,0.99203077549737,0.145770745776662,0.152247417252035,0.170369453796752,0.172578527145279,0.218431647540702,0.139919161424365,1,1,1,5,0,0.3,52
1.04766922183054,0.879409535765589,0.164953144637646,0.186426073665773,0.163459050224003,0.113520272903167,0.152008111878174,0.197842077141275,1,1,1,5,0,0.3,53
1.08069975108468,1.16622527442733,0.157423116689899,0.148665323772125,0.14785427197832,0.192824242344101,0.260568767457032,0.164277090533182,1,1,1,5,0,0.3,54
1.42840398116054,1.80633432363354,0.198477950673308,0.203419582779083,0.140826583228502,0.285589008090075,0.417236660041957,0.15531088332371,1,1,1,5,0,0.3,55
1.14980826669491,1.16078711096153,0.102437691477801,0.112552248057055,0.164525167301608,0.103050459107799,0.0870415239084159,0.177257520491796,1,1,1,5,0,0.3,56
1.14745866060512,1.15725311716955,0.166343672773845,0.125723823449605,0.163004071071701,0.108625738228373,0.0806526552439684,0.140450772505125,1,1,1,5,0,0.3,57
0.741617174284789,0.658568030059879,0.148316870753232,0.138917263577958,0.12644420003394,0.107339116560685,0.106599157233342,0.130146704788162,1,1,1,5,0,0.3,58
0.839566026565515,0.938940735743655,0.188623781080507,0.208078264530696,0.176774349847142,0.182599065707835,0.164130778492402,0.148241750128258,1,1,1,5,0,0.3,59
0.94020378900851,0.924981853603836,0.269797848239908,0.270241118609272,0.185295767124904,0.280506556074334,0.262845732049194,0.153940357964852,1,1,1,5,0,0.3,60
1.18459107029463,0.986681498284566,0.170978818226299,0.176047915703089,0.142839279798582,0.192339437409804,0.306708353972797,0.171933670451134,1,1,1,5,0,0.3,61
0.847748738809833,0.719405899023812,0.16533189922228,0.22696770438183,0.168463518814757,0.209174276391227,0.24907063759391,0.151999568607255,1,1,1,5,0,0.3,62
1.07140376362927,1.11037382420853,0.186122485701641,0.17758501932391,0.150181324697802,0.146883829925242,0.229442333847989,0.136562756993977,1,1,1,5,0,0.3,63
1.15497120602297,1.10038082939298,0.202708168583004,0.211799555166389,0.189137358993336,0.207359233202007,0.183258285047128,0.167029969620341,1,1,1,5,0,0.3,64
1.370444389544,1.14058257352782,0.172180693060687,0.205295522308046,0.165199381205183,0.234668261510512,0.328132141038773,0.159422520110769,1,1,1,5,0,0.3,65
1.0430853868442,1.08964125845078,0.137362157309616,0.145969036352495,0.143628184515482,0.156539164522025,0.126342725842662,0.136312340473951,1,1,1,5,0,0.3,66
0.928556096154319,0.944822240352852,0.0985367998080076,0.118126873455786,0.131219373491493,0.112341667223068,0.142186037437464,0.140379464881354,1,1,1,5,0,0.3,67
1.0279400660721,1.01350311415132,0.0885533764234284,0.0795930154071801,0.153253618971307,0.113430452744821,0.12671767693078,0.13959412356996,1,1,1,5,0,0.3,68
0.833635019840972,0.691928006318143,0.239143031510117,0.206296074267995,0.146510309714006,0.233651039289712,0.278582583139518,0.153133937752347,1,1,1,5,0,0.3,69
1.15160767443185,1.01511246994491,0.112006666451273,0.124860224190049,0.190669126879675,0.178575401769477,0.294286254367605,0.180437249211662,1,1,1,5,0,0.3,70
1.25817868363784,1.12242730951826,0.0799991660573149,0.0727055362461992,0.135378147955746,0.113136674074149,0.202219893255861,0.144945791314926,1,1,1,5,0,0.3,71
0.781517952063431,0.725257534759574,0.110300854239635,0.120477338593052,0.138833822161789,0.139698861308347,0.180730169756754,0.162644079914647,1,1,1,5,0,0.3,72
1.29816366368023,1.39547212993772,0.153806560582484,0.116447517791876,0.181513960264883,0.16354823971318,0.0734198808114193,0.164022283451092,1,1,1,5,0,0.3,73
0.829455628709673,0.799095046242553,0.183527677334151,0.190368310453003,0.17096186236695,0.21838389172505,0.145661974499523,0.157240182800038,1,1,1,5,0,0.3,74
0.976805242416185,1.039120908971,0.175378700330664,0.165211051362157,0.137120356427869,0.162853879626173,0.155580197628211,0.163940456001041,1,1,1,5,0,0.3,75
1.2810531525156,1.39761717250434,0.240526651054336,0.277453133795064,0.187770884408972,0.272620958367813,0.1984187158847,0.188907829602563,1,1,1,5,0,0.3,76
0.916619441733766,0.951259769366648,0.138564134892485,0.146870362929189,0.152232809070565,0.118729998765243,0.0924026344878987,0.191789815950554,1,1,1,5,0,0.3,77
0.943111663406145,0.910238808574259,0.153783246475743,0.204091198743129,0.161739958503674,0.237839424621274,0.388868356352131,0.166014965741664,1,1,1,5,0,0.3,78
1.34190006752909,1.12692398595353,0.189934159471465,0.189907396868373,0.165009292793984,0.279119731352586,0.417279753602921,0.165948070040753,1,1,1,5,0,0.3,79
1.50634812388448,1.51125260453148,0.156524809328216,0.161472911530005,0.157535884480284,0.160535462090384,0.234848182464247,0.148354834272673,1,1,1,5,0,0.3,80
0.639066833554663,0.425886562665091,0.173304498685365,0.193026133453859,0.146135920752833,0.223176629318534,0.146825517960988,0.172424994251126,1,1,1,5,0,0.3,81
0.932213491262858,0.748908162155627,0.181115765587047,0.202615575835204,0.153801191638168,0.159039025096638,0.124279800635166,0.194471166645674,1,1,1,5,0,0.3,82
1.14708115413003,1.40509938810609,0.321744410701162,0.290672556767876,0.164173582362813,0.314218592195797,0.463349136503542,0.186728331885914,1,1,1,5,0,0.3,83
1.07120520744113,1.05005347328497,0.152698370133947,0.151022039993028,0.166414375695647,0.181927923254932,0.151360568156382,0.182489013141085,1,1,1,5,0,0.3,84
0.782957325151775,0.712250470975565,0.115576439391592,0.117122673319161,0.158250937398042,0.144393275535735,0.136433384053134,0.149178320015231,1,1,1,5,0,0.3,85
0.807170218231435,0.690946396365223,0.14017317167983,0.160051707745315,0.193578556697664,0.161981959875843,0.166380962512552,0.155317264876422,1,1,1,5,0,0.3,86
0.950971351614144,0.936156423964063,0.166103033093265,0.186965343139107,0.149220676926498,0.167482142420406,0.203546291479783,0.157923709019172,1,1,1,5,0,0.3,87
1.05182210897964,1.33461427627668,0.289036304810832,0.281813071779106,0.15380904306415,0.354069211360579,0.520628101826369,0.153193429509395,1,1,1,5,0,0.3,88
1.04928518268006,0.896611291187155,0.188296344673313,0.191577222039672,0.167295523724198,0.200494872786648,0.196704504533603,0.168250660121196,1,1,1,5,0,0.3,89
1.13966675916597,1.0686957381796,0.194230494868402,0.213668231918129,0.175184667935007,0.172243208800885,0.211884894952553,0.199583437698048,1,1,1,5,0,0.3,90
0.767483164305515,0.717286643469581,0.130175378912807,0.120458174828683,0.169910415192134,0.0967907937395979,0.0752584134371745,0.167310562474313,1,1,1,5,0,0.3,91
0.921231566927846,0.836697277279402,0.146161018695761,0.17032379732072,0.177341069174348,0.169933518348435,0.292870261671152,0.155924024123325,1,1,1,5,0,0.3,92
0.920862862236295,1.12104545076953,0.172555518423395,0.211659024064807,0.13743988112561,0.180403394953869,0.176572760899796,0.179192711678006,1,1,1,5,0,0.3,93
1.0801735055368,1.08822536668259,0.129831465348598,0.135766065678872,0.153857308054178,0.105016907215977,0.129269216087525,0.162123560605254,1,1,1,5,0,0.3,94
0.479514788664878,0.597519181173205,0.141562261051356,0.130939959233029,0.151011695765639,0.139080597399553,0.0955811500337945,0.136756931618528,1,1,1,5,0,0.3,95
0.918405685892589,0.738345008898831,0.186273556795002,0.162718913537979,0.172595835367877,0.224607421649679,0.369158734949348,0.176886039374468,1,1,1,5,0,0.3,96
0.793559844374189,0.834067658041118,0.13885191332579,0.112814612496239,0.149495631360247,0.173127075223472,0.163776067872959,0.145045683114009,1,1,1,5,0,0.3,97
1.19162652369439,1.37294978358697,0.178918505830089,0.150882136507421,0.166118739681525,0.165742853346366,0.224487366401929,0.179908372037044,1,1,1,5,0,0.3,98
0.815220252019701,0.868183976027397,0.104904056353907,0.107485444381075,0.161908480898708,0.118046418464136,0.158740279835036,0.15524816447699,1,1,1,5,0,0.3,99
0.737202020732563,0.735021079992016,0.1701245229266,0.168250944715431,0.16484658798895,0.213385992598356,0.174217290408048,0.170125861073432,1,1,1,5,0,0.3,100
1.15237253467298,1.0904885324504,0.0973522814503191,0.0891110471573554,0.122633489761775,0.100310437507647,0.0828527906808726,0.107223732774176,1,1,2,10,0,0.15,1
0.885040736299901,0.785190130990849,0.105490323625269,0.129330515456827,0.134294152711685,0.112711399339819,0.131791876180418,0.129640562100378,1,1,2,10,0,0.15,2
1.04266035631147,0.981339342740778,0.152608688236107,0.100096092262659,0.0973006288080099,0.104596470325427,0.129818571595392,0.101390258928049,1,1,2,10,0,0.15,3
0.898439460227809,0.891258590225511,0.0665642727717798,0.0735926350106586,0.108812246654215,0.0983584809871216,0.104712830462353,0.116698297740019,1,1,2,10,0,0.15,4
0.97578974529422,0.951326543974075,0.14631470922993,0.150182027940645,0.116063902387542,0.138448572780341,0.151574510389237,0.131403758972325,1,1,2,10,0,0.15,5
0.881991306228429,0.854654195648618,0.145028207426049,0.158180409582101,0.12384399768014,0.119964075273833,0.168726810785626,0.118767221979964,1,1,2,10,0,0.15,6
0.933605282379193,1.05734470007215,0.132953525629744,0.112981925916922,0.152655498302064,0.125912073556453,0.160709468308375,0.132629576044808,1,1,2,10,0,0.15,7
1.13456708658564,1.13514312525282,0.126979714156648,0.0957532932211442,0.0881927403369504,0.0857414874002288,0.0808179896765589,0.117020738102513,1,1,2,10,0,0.15,8
1.12412890918081,1.1723830473948,0.104413623442291,0.117106999982173,0.105128596709777,0.14388568215758,0.130842741566617,0.122295124636747,1,1,2,10,0,0.15,9
1.14579391600459,1.07740543446766,0.115575875941449,0.123102643259135,0.102119186128253,0.120119675504998,0.126962163275699,0.107054299586925,1,1,2,10,0,0.15,10
1.12040701176376,1.30050831629025,0.150331631253786,0.157028720190066,0.139064090614816,0.18670338494553,0.198336827735202,0.103218195099576,1,1,2,10,0,0.15,11
1.00998942727671,0.990289999400747,0.114504560618361,0.0870411704772438,0.106202196034151,0.0916205081079704,0.0803196511709726,0.10967609651272,1,1,2,10,0,0.15,12
1.15706731140479,1.01723360663197,0.0850889933140396,0.103524754572358,0.112442569549879,0.0957519944076142,0.0952872423437572,0.128374478853815,1,1,2,10,0,0.15,13
0.980183449208543,0.999038032747137,0.10335844596985,0.0962950177931163,0.120671347597922,0.0879266193821285,0.0968805256252261,0.091094161676395,1,1,2,10,0,0.15,14
1.21924229178165,1.18101202040092,0.170986342465062,0.147172167083633,0.0931768501065948,0.164186277189892,0.148915166770857,0.101232632132436,1,1,2,10,0,0.15,15
1.15539338547292,1.37164386569846,0.159749812317611,0.14497298360938,0.1213868657339,0.138773457748026,0.131817818587172,0.115108740396604,1,1,2,10,0,0.15,16
0.977489273195043,0.983788627929713,0.0877712188522861,0.104597970609162,0.117750469442195,0.0896596740512462,0.0804481345474625,0.0897930228771466,1,1,2,10,0,0.15,17
1.00220026463216,0.865899356411941,0.157859747947011,0.164628804655442,0.0968746648321074,0.134120966119755,0.144921221560151,0.114028133031441,1,1,2,10,0,0.15,18
0.961897302469852,1.08229615632822,0.130406490891827,0.121163265325097,0.138426012790827,0.163022106777433,0.192935432957354,0.100253104314677,1,1,2,10,0,0.15,19
1.30180783769732,1.30931981888229,0.141474909851619,0.123379624227917,0.0938685835860126,0.127171834027819,0.093031758293484,0.112969875431531,1,1,2,10,0,0.15,20
1.00415093777691,0.927617875316355,0.131465199815642,0.159439456507871,0.139242740175054,0.212518254754329,0.226719062036349,0.119331510801196,1,1,2,10,0,0.15,21
0.933692493772085,0.885101192722565,0.0819794190104497,0.0837499956702432,0.11876605175847,0.0747540275044903,0.0664665408731513,0.122777696714371,1,1,2,10,0,0.15,22
1.15866338093793,1.17930130706224,0.120415849197772,0.121612629345522,0.122646035341651,0.158074365829623,0.166489885919488,0.138759809295599,1,1,2,10,0,0.15,23
1.04682621205013,1.0836576734372,0.122046616423246,0.135502963814893,0.120224730987725,0.141324105353647,0.133335449131769,0.14404251217551,1,1,2,10,0,0.15,24
1.07377940388959,1.04250903737645,0.104763703898919,0.120872743168814,0.134001216046425,0.150343308096035,0.166518260428757,0.141639210084843,1,1,2,10,0,0.15,25
1.02816035602196,0.974999123401225,0.0848117961876487,0.0964140431149927,0.122601350541244,0.0978903148919877,0.080391010697999,0.122597609075757,1,1,2,10,0,0.15,26
0.990698508467307,1.0399555880182,0.113268944509865,0.112367219317627,0.14436065076825,0.111972026688639,0.107191016113824,0.133922790424122,1,1,2,10,0,0.15,27
0.940875393431559,0.914482882677739,0.0764277836403139,0.0789227743242766,0.106186137766579,0.0852132075533434,0.0686563351760234,0.112110428020383,1,1,2,10,0,0.15,28
0.925382112557401,0.924471821229448,0.111759892986003,0.101581644430685,0.130361778668592,0.117136245147051,0.100985032567235,0.115089937428937,1,1,2,10,0,0.15,29
0.897089987935639,0.890267729684512,0.11785384923541,0.124041549313525,0.106181232739284,0.119347559082186,0.128949053793606,0.124370048831876,1,1,2,10,0,0.15,30
0.967161729966859,0.937944289268726,0.152900829686521,0.134010584907166,0.0988612714402636,0.140181209731111,0.12428463645058,0.113454352885463,1,1,2,10,0,0.15,31
1.07472109269504,0.893111667291337,0.120374894452652,0.114947446283404,0.102112048936521,0.144892261432772,0.120267763885904,0.137635877666209,1,1,2,10,0,0.15,32
1.00410376885388,0.96766800470204,0.131368842083963,0.141034436273131,0.131543356668754,0.173278483543484,0.173486544547529,0.130521771501036,1,1,2,10,0,0.15,33
0.87318145747569,0.942772899001878,0.102899735364319,0.093316462761329,0.116951362035361,0.104964619535187,0.118134994840153,0.131537628265242,1,1,2,10,0,0.15,34
0.81032120444336,0.705514058469504,0.0845924110783791,0.104143548023992,0.131360807563293,0.157433447136635,0.121359468834508,0.109452421990888,1,1,2,10,0,0.15,35
0.925048584597297,1.04360687867838,0.140838469110974,0.134623027096898,0.128632301652243,0.0932576807484508,0.089440000513998,0.101266118143851,1,1,2,10,0,0.15,36
1.00834982062493,0.975985042355558,0.122100511236683,0.106657815491046,0.125885694244103,0.154094784001267,0.222655796961018,0.124082194728042,1,1,2,10,0,0.15,37
0.985615381147686,0.988860830892828,0.0972032853599784,0.0871212451344062,0.11171071134556,0.100883189562889,0.0980474040161589,0.106269250412348,1,1,2,10,0,0.15,38
0.893857599893795,0.800410387022299,0.117905472384639,0.0937598480709366,0.10912881888628,0.153480668044871,0.191350480815045,0.103829130278396,1,1,2,10,0,0.15,39
1.05103450104935,1.07193236098425,0.0777838070161638,0.0821436194673352,0.120270571577959,0.123791738878149,0.0841954100754663,0.136500480350437,1,1,2,10,0,0.15,40
0.912368265502508,0.843814184791341,0.164289155217259,0.14443439676797,0.14666311698634,0.132565502692471,0.143154415507244,0.119473930698906,1,1,2,10,0,0.15,41
0.90146078981554,0.947150368257666,0.128626920715729,0.137618264124859,0.133802403935138,0.123794868247397,0.142656365819893,0.115983902975798,1,1,2,10,0,0.15,42
1.06011090822108,1.03226594463868,0.165501946735508,0.147895505665052,0.113342521453771,0.152438531602672,0.158083045084609,0.125915477452186,1,1,2,10,0,0.15,43
0.970519832253775,0.9739864302179,0.111764621268021,0.102192531802143,0.114592836583747,0.0985918832022318,0.099537498737037,0.122137292132878,1,1,2,10,0,0.15,44
1.09541523403288,1.18679022906398,0.100295887849246,0.0826253730546543,0.111495776320985,0.108630079453395,0.115912526600013,0.130907123436069,1,1,2,10,0,0.15,45
0.980636230619042,1.08065088335335,0.119798774963817,0.144158973338647,0.0965952970144661,0.168474295543209,0.131451438594959,0.120569740827517,1,1,2,10,0,0.15,46
1.04262386489753,1.12808590398015,0.13742080022388,0.127355456341005,0.125047912345722,0.147597225623396,0.155027539971775,0.10944859724128,1,1,2,10,0,0.15,47
1.15012710999681,1.11070779895103,0.10245333587059,0.102636993802204,0.106027682243239,0.129755030491427,0.121718401449618,0.126134352343102,1,1,2,10,0,0.15,48
1.05694921779599,1.20602495083888,0.144727248199835,0.13058530056744,0.0910101765409838,0.210741750837818,0.258977215744556,0.111360041073171,1,1,2,10,0,0.15,49
0.98422722963574,0.964106395850596,0.133019113166289,0.146878994234945,0.12801112017887,0.104419657233207,0.100741845579254,0.117202127250493,1,1,2,10,0,0.15,50
1.17137263038894,1.09497074239045,0.118132815242724,0.113835081827028,0.138206264684563,0.0804445885941128,0.0790338041715494,0.138284072594298,1,1,2,10,0,0.15,51
1.00687597099813,1.12993275664938,0.108635371268239,0.107815035645544,0.0906095601758014,0.107550427092207,0.100990242108568,0.118530959964983,1,1,2,10,0,0.15,52
0.876672178838682,1.00763438819973,0.156966385549547,0.158768368686191,0.113099430548951,0.150659700354868,0.160792531190306,0.125927087289538,1,1,2,10,0,0.15,53
1.05552171293176,1.07706077304999,0.129610427372658,0.158138989983082,0.108752991006569,0.187000715068158,0.189980233019959,0.123395750135059,1,1,2,10,0,0.15,54
1.12155496888889,1.05533232889113,0.12800624000627,0.113570497894011,0.0970151092413534,0.140684438635247,0.137182810137461,0.108060507429401,1,1,2,10,0,0.15,55
0.922882503664594,1.02039597875556,0.159413421496099,0.154065550468875,0.132447272084853,0.129028322358476,0.159376733981802,0.12104070680479,1,1,2,10,0,0.15,56
1.17563284874865,1.1794506500101,0.157895309339693,0.143457062795162,0.10159665144109,0.0999798113699678,0.101266282402731,0.105154815157414,1,1,2,10,0,0.15,57
1.20531787136981,1.20335562001547,0.124124323013073,0.113173870664321,0.130137071107017,0.153533477123853,0.145602765570018,0.14506338469737,1,1,2,10,0,0.15,58
0.808611003287136,0.779354278371303,0.121558012789247,0.137996830142186,0.132818418858813,0.17499795830139,0.228356166278676,0.106263733811269,1,1,2,10,0,0.15,59
0.960223580696044,0.988502113802902,0.10243065866307,0.0940756584265295,0.108095962161063,0.118075651252135,0.0614163463626049,0.115294253367861,1,1,2,10,0,0.15,60
0.906449735855899,0.670061388227109,0.142906100796723,0.160487296518647,0.109277682615732,0.162209567642986,0.203181378621861,0.124159186396374,1,1,2,10,0,0.15,61
0.929034612292313,0.908456780135749,0.0768816580532551,0.0719944528648579,0.127952047911226,0.0819061154518883,0.0612540491842962,0.104523487954678,1,1,2,10,0,0.15,62
1.17033179871226,1.13235378956086,0.122468428951216,0.10853808925437,0.106640718146994,0.144674792195914,0.139182336527216,0.113414429393737,1,1,2,10,0,0.15,63
0.878106953115892,0.842696826687324,0.105854667427019,0.103724092187256,0.11747294939457,0.130313700092601,0.144533543325872,0.110344136404699,1,1,2,10,0,0.15,64
1.19841000178719,1.14269766132878,0.0839444485992526,0.0853397523188045,0.131765798781678,0.0734505772641808,0.0614792794804705,0.126634143509166,1,1,2,10,0,0.15,65
1.00766574844657,1.02751422508902,0.120038493910595,0.126865437201413,0.103569354537343,0.109078173682793,0.120405519461215,0.123777795855615,1,1,2,10,0,0.15,66
0.977832064688174,1.04765788719878,0.137713415552314,0.13072527958344,0.112302086117222,0.137560981968591,0.129310065997028,0.09573403994792,1,1,2,10,0,0.15,67
1.00299750052619,1.06342074010203,0.117455572923915,0.131180716212902,0.098439576342959,0.0720121737146389,0.0630793497370277,0.0921444292828758,1,1,2,10,0,0.15,68
1.03964506646018,0.983162806183821,0.0731132172976801,0.0871778970536626,0.135925867945774,0.115482704147796,0.0997025407867526,0.111203767791776,1,1,2,10,0,0.15,69
1.1982389689169,1.20079376919008,0.121369318145765,0.124549098280763,0.0949411723838302,0.112085437678393,0.111187292388294,0.11099287929723,1,1,2,10,0,0.15,70
1.08682943537794,1.14279177555455,0.100782062300661,0.131848518850937,0.125615680450377,0.099801803209822,0.130293074177433,0.115247320269085,1,1,2,10,0,0.15,71
0.966589664377991,1.35426112296324,0.163956791885686,0.153783670775902,0.1223183659715,0.264513111958649,0.396284849048989,0.11514034057434,1,1,2,10,0,0.15,72
1.10220094762666,1.12135339177536,0.124896735057185,0.110363891671391,0.121875204643519,0.126547752110535,0.110095022860414,0.114228152054295,1,1,2,10,0,0.15,73
0.910586958549651,0.836028987650682,0.0829099750548495,0.100989821319091,0.113086217666167,0.110326036085009,0.0920634345463314,0.11956765121269,1,1,2,10,0,0.15,74
0.77968490722717,0.743977140776159,0.122490553650603,0.118622409194671,0.124846709287106,0.116488471489202,0.111750404377767,0.09157733054156,1,1,2,10,0,0.15,75
1.05898957044633,1.19215704851479,0.14385350403836,0.123960150129325,0.109127698150297,0.162618484694423,0.177894253562609,0.0866328638158975,1,1,2,10,0,0.15,76
0.716921310083172,0.727201728896171,0.226076260433839,0.227586056757132,0.103218261616164,0.269341911552775,0.27137054794184,0.0935466686380694,1,1,2,10,0,0.15,77
1.09489195293311,1.03063078523094,0.0899205407338043,0.113355587049496,0.110717690240868,0.171292611992387,0.184620189075281,0.116874960418903,1,1,2,10,0,0.15,78
1.14038357749222,1.21013610789884,0.168557095807213,0.154358636654059,0.112881101598087,0.169414095718982,0.184694494594369,0.132745376567407,1,1,2,10,0,0.15,79
0.947786950640531,1.00859644755897,0.140786870697463,0.151283841328578,0.108905298927666,0.19878260110801,0.173971022555581,0.112245673764727,1,1,2,10,0,0.15,80
1.01719505938953,0.950266444766762,0.122761133492976,0.111582688424884,0.105247957255952,0.18087752087389,0.118261147038984,0.120749776365619,1,1,2,10,0,0.15,81
0.85695440140326,0.842785612697899,0.0840477602854791,0.0620283626322693,0.145006759192016,0.0673750192097179,0.0560590707744817,0.118312168599494,1,1,2,10,0,0.15,82
0.996704574999951,1.01787692932484,0.12375963908383,0.124289397826816,0.1318345671493,0.128949379086072,0.130686605155364,0.11682095126615,1,1,2,10,0,0.15,83
0.861010058387637,0.784348510601747,0.150942401445569,0.152036638572232,0.117385402906304,0.115452095902791,0.133766487945815,0.119298119285138,1,1,2,10,0,0.15,84
0.897524639647524,0.918800196501654,0.0889078670990959,0.107473183004641,0.124355278724514,0.103772283293766,0.0976144262435268,0.106611847364703,1,1,2,10,0,0.15,85
1.06304835462695,1.01266468409969,0.118020143166037,0.0978439156797949,0.136775545533413,0.105240143395629,0.0994289690729847,0.131053763296871,1,1,2,10,0,0.15,86
0.901200591777736,0.916927146183161,0.0714298999206024,0.0828691157234712,0.106513640446263,0.103798864612103,0.108343534315834,0.128948608962024,1,1,2,10,0,0.15,87
0.912670638288007,0.800539178444003,0.119026607328202,0.117706987644919,0.0980876097877068,0.128976884470194,0.165991041460026,0.143287512455906,1,1,2,10,0,0.15,88
1.06014640768752,1.06823077530879,0.0936783922814672,0.0822256857241722,0.111628691992562,0.0790109238696411,0.0790104382027352,0.0925968774680189,1,1,2,10,0,0.15,89
0.863122745666562,0.847585091412713,0.134723894599866,0.127063013927448,0.117998765471241,0.134136153849819,0.122609805060186,0.154067156849716,1,1,2,10,0,0.15,90
0.789998734130097,0.81634274086113,0.156537601988889,0.150212095103696,0.13773126300273,0.12107043969654,0.127540494512173,0.16057419135057,1,1,2,10,0,0.15,91
0.848076116050207,0.808492249329968,0.140332353409211,0.133096021253866,0.126611538344211,0.15602155013338,0.188264613316039,0.125879077781009,1,1,2,10,0,0.15,92
0.780811385425497,0.738791725361458,0.114312828547029,0.110011224959535,0.0989129124271532,0.122910566339614,0.107762475320486,0.121118878824391,1,1,2,10,0,0.15,93
1.13501918389001,1.1663692739675,0.124133944724968,0.11316910010653,0.125804029234401,0.0833583615416064,0.070086996679651,0.116126793051564,1,1,2,10,0,0.15,94
1.03057309751006,1.03178641971678,0.104972751242785,0.117093980351235,0.112511471849832,0.13348329052505,0.123834261853292,0.0994704830739585,1,1,2,10,0,0.15,95
1.03171362014853,1.04819823334887,0.137575504789469,0.151286100056072,0.134438467195156,0.149839426981894,0.140673718991744,0.125761067695125,1,1,2,10,0,0.15,96
0.935513367665326,0.851287169965044,0.130565414165266,0.132969604213889,0.103017333957858,0.124674179896282,0.129617343992703,0.101717942121655,1,1,2,10,0,0.15,97
0.807295455842686,0.844425645576055,0.117329624055242,0.131013585550753,0.136628387031291,0.143703780925447,0.126027684263516,0.106299751884747,1,1,2,10,0,0.15,98
0.89694860629385,0.949172794707259,0.124447254848128,0.111366123539174,0.141677361671389,0.131871619805318,0.10067340528519,0.132018794646734,1,1,2,10,0,0.15,99
1.22079234645591,1.31447774006829,0.116149649928799,0.123802437725293,0.0954763802708169,0.136782250785912,0.13786459928856,0.0987302462103802,1,1,2,10,0,0.15,100
0.988600530465584,0.987393461328543,0.090872136794648,0.085615240718672,0.080906519647837,0.0839098820877654,0.0871810044815726,0.0924859441482631,1,1,3,20,0,0.075,1
0.919197240091277,0.96120715528319,0.0952774055635197,0.107985453986038,0.0850262315005638,0.125979463215341,0.13792397545933,0.0834525273743629,1,1,3,20,0,0.075,2
0.979799444309748,1.01046989199086,0.0819027123161131,0.0779356594266186,0.0906679972814426,0.0768218888402955,0.0819495237775388,0.077779797844959,1,1,3,20,0,0.075,3
0.990514828690264,0.937225452208321,0.0809842353504938,0.0716541828388556,0.0813768829012517,0.0638287340619958,0.0579353316915983,0.0876364471491538,1,1,3,20,0,0.075,4
1.19296679657669,1.21535244413727,0.101671428222439,0.102329870338004,0.0890033498857898,0.104747073714975,0.121950144089144,0.120819982097257,1,1,3,20,0,0.075,5
1.07717041464929,1.06855896329335,0.0698042830773278,0.0826250331921081,0.0784778658117345,0.0819807274176953,0.0776411103580871,0.0897122659626846,1,1,3,20,0,0.075,6
1.02741033136032,1.0265500887505,0.0845928638271059,0.0944397801291256,0.0843096518013895,0.120704331481496,0.136486846814436,0.0819865810448062,1,1,3,20,0,0.075,7
0.939549204854168,0.898701127945106,0.0677446339718596,0.0786036768669177,0.0766839718291863,0.106341606927418,0.0986164827493318,0.102194690064183,1,1,3,20,0,0.075,8
1.18085485823694,1.20090273500384,0.0841440135626479,0.0850561001385279,0.0815488138794787,0.0891743899104428,0.093727865851531,0.0961275432907947,1,1,3,20,0,0.075,9
0.862586872448721,0.877426900984496,0.0930428911811436,0.0847023095760687,0.0880554178963664,0.102462125798282,0.0883259915672632,0.0851054342715707,1,1,3,20,0,0.075,10
0.964645112852549,0.888723641064824,0.0962027910925108,0.103322835158759,0.0846844496450107,0.12098018348241,0.144546577000964,0.102826893572152,1,1,3,20,0,0.075,11
1.04076215289185,1.03653417961904,0.0817704712185385,0.0968082202266938,0.112853307106115,0.101437504903492,0.0981498091985015,0.0981388828120712,1,1,3,20,0,0.075,12
1.09877343398454,1.11798991191685,0.077143902465874,0.0794893244273991,0.0912170284758641,0.098986212735497,0.0888013181139907,0.0923219708205468,1,1,3,20,0,0.075,13
1.12948100098975,1.03949958937815,0.0953813345466463,0.080019464273777,0.0767443358223035,0.127947113542424,0.107348678234986,0.102110692898989,1,1,3,20,0,0.075,14
1.06538800980606,1.08031644889511,0.130273868890738,0.108620796779947,0.0687885437860078,0.112824659601103,0.108119918336082,0.0636216860569725,1,1,3,20,0,0.075,15
0.950135626038734,1.03685515267796,0.112020369206819,0.107871624672304,0.0974924696504949,0.108384744330027,0.0967266899381533,0.0906537125049342,1,1,3,20,0,0.075,16
1.03391026121,1.10857675205174,0.0807479911791536,0.0900932021864353,0.10148708764223,0.0670798174599049,0.0779976711014724,0.077374098253318,1,1,3,20,0,0.075,17
1.08239442456762,1.10896877019745,0.0854533778878637,0.0781930359236547,0.0852190397665525,0.101733552690905,0.0935060867755503,0.0720981315970545,1,1,3,20,0,0.075,18
1.02192864688031,1.06870680274843,0.079287974012371,0.0815389361023806,0.0860817266168102,0.108563398508869,0.112708209747962,0.105208306943417,1,1,3,20,0,0.075,19
1.01700916858384,0.991785329281532,0.095328452977786,0.0757317906762032,0.0738937403444109,0.0738017715556804,0.0641956590166444,0.102243293970146,1,1,3,20,0,0.075,20
1.07844246490379,1.14754298474554,0.0794582178196617,0.0939992971937265,0.0965182537092863,0.0946263956404217,0.118329489874717,0.0913117283419446,1,1,3,20,0,0.075,21
0.94074927802018,0.96075261732699,0.0767309796277288,0.0752603704828829,0.0821373570606131,0.0905331529596663,0.0820875869240181,0.0985501846867277,1,1,3,20,0,0.075,22
1.04569331460098,0.973124087298904,0.0719381433719334,0.0748349294923605,0.0829598090232128,0.0886813325150641,0.0806126241685255,0.0886381338471939,1,1,3,20,0,0.075,23
1.06374443198462,1.1043216071304,0.0949952885005351,0.0788165612222287,0.0878508517333625,0.0815134539066,0.0725473216329786,0.0664083271451472,1,1,3,20,0,0.075,24
0.967924919636592,0.993303712079126,0.0957823771021605,0.102386284702911,0.0671486824023078,0.117083068100866,0.101810479056187,0.0676913033700285,1,1,3,20,0,0.075,25
1.01526661423025,0.970476675633175,0.0991838813936295,0.105763509628893,0.0986639574563073,0.129588590637598,0.114391324282646,0.10139421821248,1,1,3,20,0,0.075,26
0.907472406201651,0.889188051129509,0.0936479111489261,0.10464471530533,0.0674961632375233,0.0901750120591859,0.0875226181371759,0.0716246651256323,1,1,3,20,0,0.075,27
0.995953401793945,0.968728378279747,0.0944418791457859,0.0891814820640283,0.0902247455088806,0.125133072228209,0.10463314012351,0.0953855572279976,1,1,3,20,0,0.075,28
1.02824142325016,1.0136939906378,0.102260031043852,0.0976737831459041,0.113299437745113,0.1099154230673,0.114716197082957,0.0850132622826942,1,1,3,20,0,0.075,29
1.03859244039715,1.05535452490305,0.089455227540219,0.0879072461663251,0.0994938472996877,0.0905670286385693,0.0843967812084837,0.111520296161792,1,1,3,20,0,0.075,30
0.961046966166757,0.961334557768414,0.076970511486034,0.0734572593722366,0.0695987859292057,0.0728044702479881,0.0772909498155721,0.0882395584016356,1,1,3,20,0,0.075,31
0.875652839133236,0.881084532780727,0.0799429456718786,0.0636990753010053,0.07538087341755,0.0705998946660537,0.0759991387276162,0.0987400495479604,1,1,3,20,0,0.075,32
1.12436157066826,1.04329234822601,0.0900496661028449,0.085629357721568,0.0881050399116086,0.107967304874644,0.104283096391989,0.0822615656851741,1,1,3,20,0,0.075,33
0.93183612127531,0.941566927743367,0.0778978219611621,0.0982226697177922,0.103218239420959,0.0945130305804372,0.0915835365124962,0.107349145491637,1,1,3,20,0,0.075,34
1.05159763639568,1.01089853790859,0.0932146037757408,0.0866902256291896,0.0863407130243581,0.0839700752539341,0.0709341994259111,0.0772037507136863,1,1,3,20,0,0.075,35
0.991398876296109,0.979982652216238,0.0880560393135117,0.100752479842902,0.0845750804387013,0.108120536818495,0.114865275751938,0.0933559980141263,1,1,3,20,0,0.075,36
1.10622541843262,1.0781344738344,0.0883155636516746,0.0703526436577888,0.0865311702261112,0.0838520280310732,0.0833475847699289,0.0913766381859203,1,1,3,20,0,0.075,37
0.968842503595458,0.990111779252727,0.0714658695692297,0.0679253811967604,0.0940735685212444,0.0612419065201151,0.072572708014249,0.0878028129126683,1,1,3,20,0,0.075,38
1.0225586831985,1.06482308524218,0.0995447574938187,0.1007899255176,0.0884720217876855,0.0960371475485199,0.0936313951531314,0.0801282291149793,1,1,3,20,0,0.075,39
0.944922411949701,0.944898396620835,0.069867875466508,0.0675918371614623,0.106528509202084,0.0768023902094355,0.0677371346796779,0.0935538783271577,1,1,3,20,0,0.075,40
0.944713381117025,0.938332647364463,0.0941868493583308,0.0887699125787511,0.0763451147618568,0.097799562016663,0.0997392323889634,0.0819146573867703,1,1,3,20,0,0.075,41
0.993549903537644,1.08419442210515,0.075654750161394,0.0949564088641476,0.0997553113832094,0.114398909480801,0.130157821468231,0.105713110342183,1,1,3,20,0,0.075,42
0.853953554260839,0.889436581065431,0.0862622071707017,0.0870623397156026,0.0850889970846991,0.0748225226697401,0.0743028092069215,0.0943085060713987,1,1,3,20,0,0.075,43
1.05452213013879,1.00495534492993,0.0799281125213804,0.0821126450075919,0.0921294692287792,0.119923201312177,0.105814928412899,0.0908775266434064,1,1,3,20,0,0.075,44
1.0347813671926,1.01909141985168,0.0708005358797638,0.0699163935080133,0.0900047953007034,0.0844759200619402,0.0873095150234312,0.0788708904114941,1,1,3,20,0,0.075,45
0.802024030849721,0.849180939215972,0.0828043669382746,0.0864877824531735,0.0976501826613515,0.131261283290802,0.124085520784239,0.107742697722756,1,1,3,20,0,0.075,46
0.947285874890984,0.922284447332046,0.105136297759627,0.0990682533366682,0.0943813021867049,0.0919105961727619,0.0856269192734282,0.0969399536001304,1,1,3,20,0,0.075,47
0.979104628468691,0.970379183095219,0.118409118515533,0.105250282364498,0.0920626072539765,0.111552055795505,0.123617341438763,0.0974626390716259,1,1,3,20,0,0.075,48
0.956753555759614,0.949445735025338,0.0639531391840685,0.0722148395014356,0.0877844301780646,0.0608907075596472,0.0562657864250336,0.0888274873737068,1,1,3,20,0,0.075,49
1.14744051977014,1.21237927523534,0.109336307465346,0.0899364922709516,0.0832034880882349,0.107328424262628,0.122078453015918,0.0775332420123758,1,1,3,20,0,0.075,50
0.894183798848992,0.803951664280123,0.109205675043147,0.103795142681196,0.0671043675997874,0.107157438988925,0.115634169290429,0.0706874094245626,1,1,3,20,0,0.075,51
1.01468202358317,0.951063844841841,0.0962239898798408,0.0979631354967147,0.0905477872033206,0.0962115882103698,0.107791412242551,0.081820033964526,1,1,3,20,0,0.075,52
0.993027833900517,0.971119220232932,0.0811538359219686,0.0772933670146974,0.0801206913394913,0.0904712800988841,0.1163941233967,0.0858277120677306,1,1,3,20,0,0.075,53
1.04011318324271,0.979788960866869,0.143286987958977,0.143994494250481,0.11465480073816,0.147290796148032,0.171514979049966,0.116882286292345,1,1,3,20,0,0.075,54
1.13976786910141,1.05568585686128,0.0982536930731744,0.11459526049541,0.0886863263486028,0.106732694238045,0.120145758378726,0.0954222570410366,1,1,3,20,0,0.075,55
0.907525353391632,0.885491847166966,0.0888413820403854,0.0699092403319485,0.0806555474565128,0.072509712738436,0.0591709374824916,0.0812673705433516,1,1,3,20,0,0.075,56
0.959567446182103,0.93710755261663,0.0705915500137305,0.0754031592058181,0.106993324177037,0.0837885017199076,0.077509996807372,0.0882769991247572,1,1,3,20,0,0.075,57
1.00523194579828,1.02673805988003,0.0980695001625492,0.09925905133824,0.0922106179939603,0.0989998467549145,0.0986442855140502,0.0979048440509233,1,1,3,20,0,0.075,58
0.910679013257884,0.883646291444987,0.0541995117240537,0.0657840331807388,0.0844660262215878,0.0860057199530525,0.0858138841577512,0.0822492765420346,1,1,3,20,0,0.075,59
1.10191057808313,1.14098650190913,0.0924381820958776,0.0888079071249224,0.0747465833546402,0.0977977611800025,0.102474143965059,0.0842858389749496,1,1,3,20,0,0.075,60
0.981206530625036,1.04054009460808,0.0695265831256456,0.0903531360005733,0.0922541484159898,0.091119708967087,0.0935308866951133,0.0907962324015532,1,1,3,20,0,0.075,61
0.857623589870278,0.84412002221435,0.0573449869974319,0.0640433634012561,0.0855825238800105,0.0615521401926591,0.0515945296078242,0.0761474102671916,1,1,3,20,0,0.075,62
0.931131657897384,0.920816077002267,0.0936326264096933,0.0944090922434541,0.108547894046047,0.102607356154982,0.0865311408559183,0.105518141739989,1,1,3,20,0,0.075,63
1.11692096752318,1.1389380095522,0.0764733194343365,0.073859209726334,0.0809682255794154,0.0821864438513828,0.0702475907679317,0.0796921753529963,1,1,3,20,0,0.075,64
0.999883187771054,1.04665923694418,0.0854528102519183,0.0832736434200057,0.0764757044034248,0.0903245530211267,0.110205871206197,0.08955997110026,1,1,3,20,0,0.075,65
1.00132410855704,1.0115068071741,0.0838053221439755,0.0832072504576771,0.104630914223566,0.102049791840117,0.0920482452841161,0.101747243766355,1,1,3,20,0,0.075,66
0.989887630597305,0.971198676152406,0.100631370180965,0.0931911321979231,0.0963012992387844,0.0837123884484665,0.0989170481348563,0.0789489542450415,1,1,3,20,0,0.075,67
1.09261754284623,1.06212268394206,0.067613760375456,0.0719119939553724,0.0926515392483718,0.096498206731354,0.0802312202368252,0.0937466983635822,1,1,3,20,0,0.075,68
0.947527051440947,0.95139674542387,0.0962834723599202,0.086442389220052,0.0744331078431627,0.0780928207535293,0.0796618239864547,0.0997897264991361,1,1,3,20,0,0.075,69
1.08017932257477,1.04380432273076,0.0734775503582283,0.0732296341989679,0.0902306050582253,0.0853380655779134,0.0764523581560914,0.0980152544160882,1,1,3,20,0,0.075,70
