"est_sdid_eq","est_sdid_wt","est_did_eq","est_did_wt","est_det_wt","est_strat_wt","est_plac_wt","true_att_equal","true_att_weighted","config","gamma_trend","N1","gamma","hhi","sim"
0.919044932242673,3.25245147344404,0.766954889324134,3.33391538053423,3.40523760805818,3.25242984424813,-0.421934637740103,1,4.09897800020376,1,0,20,0.5,0.15,1
0.996458604239387,1.09086952607751,0.936229013005576,1.08457035929938,1.09603221638709,1.09435615013883,-0.0303087603984413,1,1.79738289789036,1,0,20,0.5,0.15,2
1.10324859891176,1.98623366529469,1.07866898021445,2.03354272447075,2.0282207065496,1.97226671680468,-0.136210581984589,1,1.70237609908682,1,0,20,0.5,0.15,3
1.1474311846921,1.29564693740097,1.11414637418969,1.39885576439847,1.36827046125877,1.27215710104202,-0.180080518697846,1,1.37259549073274,1,0,20,0.5,0.15,4
1.09820203093267,2.19888066431908,1.48349195248095,2.79604860245397,2.63757679298538,2.02519751156302,-0.169639993235079,1,2.07620204395668,1,0,20,0.5,0.15,5
1.15660175627898,1.7228704474604,0.989763702967564,1.53552682430034,0.923074894037507,1.74908975837711,0.333730910704061,1,1.534284891176,1,0,20,0.5,0.15,6
0.966211947660661,1.66074936994875,0.9431114358106,1.62783894961402,1.4570230332258,1.6619499990663,0.0263382591586157,1,1.79085331376996,1,0,20,0.5,0.15,7
1.1766088882532,1.69455178551987,1.37262429057446,1.98043664942817,1.91296802017305,1.68376515647542,-0.0363029363484526,1,1.59860035300324,1,0,20,0.5,0.15,8
0.954146969726904,1.68119587988651,0.971805982043121,1.73083834171497,1.51715145909306,1.76382558757413,0.307119815016585,1,1.94752200645941,1,0,20,0.5,0.15,9
0.905967658617545,1.49876334534236,0.938118689855244,1.49389620601057,1.74805470821936,1.51250941793845,-0.133855390062271,1,2.00023424885189,1,0,20,0.5,0.15,10
1.06621292638706,1.45377807598603,1.07829135711936,1.46848925942645,1.27693240892899,1.41118623793023,0.311512361824694,1,1.54622680714423,1,0,20,0.5,0.15,11
1.01404051458576,5.36972022188882,1.02869404771368,5.29173120231508,6.36274693453408,5.22138913792293,-0.103810926739087,1,4.74306493528365,1,0,20,0.5,0.15,12
1.16284201823108,1.84759541595381,1.15910687337463,1.96715659755705,2.4142478572772,1.96559693885014,-0.232911251141074,1,1.54212599566099,1,0,20,0.5,0.15,13
0.768227420531042,0.990271522232332,0.923428051805228,1.10747868490969,1.20952959601678,0.973971427864585,-0.0399208171443205,1,1.30135231947153,1,0,20,0.5,0.15,14
0.959030707003013,1.3297901954841,1.10399681306911,1.35254475527204,1.59500402858369,1.3691312949817,0.093724611984066,1,1.4235815585589,1,0,20,0.5,0.15,15
1.19066322193313,1.59523829713465,1.302337094435,1.56133233854811,1.71617674929443,1.56473975286768,-0.128478987469072,1,1.42615860332722,1,0,20,0.5,0.15,16
0.982308474248134,1.7091936648517,0.995274208058121,1.72183906180315,0.930815751141135,1.76353929605346,0.0520613216555295,1,1.47782849929282,1,0,20,0.5,0.15,17
1.11899468399977,1.06272416134746,1.26325900390738,1.26594114519896,1.28303030027359,0.893694122814043,-0.0879390178550392,1,2.14996984059751,1,0,20,0.5,0.15,18
0.859148268461058,2.69064448015976,0.99645991080146,2.72844643111052,2.49679119486143,2.88230944852638,0.221057548019301,1,2.76102580135139,1,0,20,0.5,0.15,19
0.803217113213847,1.27367906556582,0.770313863574771,1.23667922981167,1.57085619477857,1.35641594605862,-0.0855999521791764,1,1.47035106806905,1,0,20,0.5,0.15,20
0.96030278856852,1.7532989824647,0.876601529952128,1.72260283496705,1.88518648278643,1.68839417990109,-0.367157997775119,1,1.92985313304373,1,0,20,0.5,0.15,21
1.04152970400015,2.41250644214766,0.938407249065106,2.36075147286908,2.73043319935986,2.46488514459198,-0.268814331270863,1,2.33483131435582,1,0,20,0.5,0.15,22
0.928185223390445,1.56308421332989,0.878043860834461,1.52923047230235,1.73289400057917,1.66951529240743,0.0360567662587905,1,1.8043585333989,1,0,20,0.5,0.15,23
1.1986205961618,3.97511044352839,1.25938750281899,4.05667836249901,3.85544241222577,4.21597804105058,-0.0129824982974504,1,3.63270399448204,1,0,20,0.5,0.15,24
1.12132204122753,1.23379321925236,1.11284091689133,1.3548759330133,1.44167734826389,1.21023369633411,-0.0808778685474639,1,1.25912365210085,1,0,20,0.5,0.15,25
0.95172209059065,1.5192597026831,0.943043083594512,1.47056198401094,1.43992010693326,1.53152019306211,-0.0419980935611995,1,1.56921071913661,1,0,20,0.5,0.15,26
0.915141574085169,1.73287613412779,0.922145023264356,1.56077357414608,1.74898092048385,1.88650942647442,0.170214320246319,1,1.7199127052492,1,0,20,0.5,0.15,27
1.15011222637734,1.93573348510876,1.17745994537428,2.00068180455057,2.22730228920089,1.89363293792568,-0.12725150164937,1,1.79214857718873,1,0,20,0.5,0.15,28
0.909153040738771,1.27814791528983,0.983054303706308,1.3550631624286,1.58130658486043,1.34970752468483,-0.285118371388303,1,1.38140985176584,1,0,20,0.5,0.15,29
0.893607328835264,1.22824180679108,1.00517256240638,1.37163785326712,1.30856605812921,1.32767383964251,0.0165371163513107,1,1.28280822596994,1,0,20,0.5,0.15,30
1.10983451176312,2.15295831661414,1.08182554755511,2.06216526422573,1.84499700687737,2.15390323675553,0.310702589751701,1,1.87471804143493,1,0,20,0.5,0.15,31
1.05005798949637,1.94682094280188,1.01690876431994,1.88943897290549,1.65512597248505,1.95408306745466,-0.13019456540234,1,1.74685760320104,1,0,20,0.5,0.15,32
0.834847823384333,1.60993062037564,0.589180777410429,1.36054900341181,1.74447883061617,1.69898068304765,0.0264281299085487,1,1.99545391545643,1,0,20,0.5,0.15,33
1.07450811088948,1.99226416551215,0.959888207833491,1.89086991641207,2.17443445139778,1.92583035727308,-0.134093371130133,1,1.78687780335143,1,0,20,0.5,0.15,34
1.03834194722143,2.43548056959987,0.984759724345689,2.27511613844886,2.43170120277737,2.43087242755844,-0.0633315480460557,1,2.01503300635131,1,0,20,0.5,0.15,35
0.984814054557047,4.38249971839041,0.822060972271228,4.1043039648056,3.7001894871125,4.37233064879282,0.139909778435612,1,3.75660746567185,1,0,20,0.5,0.15,36
1.24586434884554,2.32161508532046,1.35027855739549,2.61574293482993,2.41664167108832,2.34241999738425,0.0733718387327521,1,2.01206319569976,1,0,20,0.5,0.15,37
0.812189525852047,1.09656771806089,0.641856921653407,0.881317541162383,0.592123148084513,1.16568367576479,0.224183166024364,1,1.32906957674301,1,0,20,0.5,0.15,38
0.926740704056158,1.27318322491001,0.911123604869442,1.26293137326331,1.58811107073118,1.31943494762383,-0.258569157038242,1,1.4648345672005,1,0,20,0.5,0.15,39
0.95699083947999,1.46718268731145,0.788602925467864,1.21307319654249,1.54056220541595,1.61532122545539,-0.0380441857978632,1,1.56218064763835,1,0,20,0.5,0.15,40
1.16768881153836,2.25463893055433,1.19723131209453,2.18320342663119,2.05161732174035,2.1715512853023,0.0567844591200215,1,2.22155472490073,1,0,20,0.5,0.15,41
0.976307443343142,2.02330989235781,0.945312393943619,2.18301498393026,2.29199119677427,2.05540459866546,0.0322341576343485,1,2.31517733844399,1,0,20,0.5,0.15,42
0.848098996897107,1.38109632445157,0.864560152552503,1.34470062847943,1.591329232147,1.40417992817288,-0.013499963136435,1,1.54162039203723,1,0,20,0.5,0.15,43
0.979929530037961,1.2859432517891,0.941472502767414,1.17625920430337,0.884735221267469,1.15911129986382,0.223737280632191,1,1.38923512670778,1,0,20,0.5,0.15,44
1.05639597957804,2.61178677507684,0.838640349236136,2.31046719376417,2.75059747445179,2.33176049048028,0.159443958157594,1,2.27575866211353,1,0,20,0.5,0.15,45
1.60151885470625,2.12482901693812,1.62688530269114,2.17250766143877,1.87900264362538,2.34671927658597,0.167782311429515,1,1.66093096163141,1,0,20,0.5,0.15,46
1.13721736226566,1.91982576715063,1.15722306886767,2.09010054563106,1.71946325522481,1.85906004559294,0.0257455781389421,1,1.83382728961899,1,0,20,0.5,0.15,47
0.956923465003071,2.82405844833491,0.8378736210722,2.49188727280585,3.98687554176587,2.79692037982789,-1.07693476812778,1,3.0271886232031,1,0,20,0.5,0.15,48
1.04767944931455,1.47560052496768,1.13282504086157,1.5712730837134,1.68881558433938,1.43930020739205,0.0520296722364618,1,1.41840288160595,1,0,20,0.5,0.15,49
0.97566820104224,6.44684485198447,1.00433628199287,6.30606834969719,6.99877940278614,6.37843092526609,-0.644501350803948,1,6.38192353822572,1,0,20,0.5,0.15,50
1.07184492734875,2.63629818055245,1.22999253332664,2.76453461723264,2.57803685078344,2.56102514171388,0.0159963867826659,1,2.45887619748525,1,0,20,0.5,0.15,51
1.00100556557058,1.50302735182893,0.96573670829834,1.41283842583116,0.894733719326045,1.42480135826381,-0.00939893318937424,1,1.4691918058523,1,0,20,0.5,0.15,52
0.964326272144332,1.71780336695747,0.989579926815985,1.89556803535769,2.46676025132927,1.64555801258679,-0.56011605864013,1,1.79722351290164,1,0,20,0.5,0.15,53
0.850693677956804,1.43751335322428,0.700676329542312,1.25449425271324,1.68456431009782,1.64389725402584,-0.153716480253898,1,1.51066270652389,1,0,20,0.5,0.15,54
0.739331712665533,1.83651178576732,0.278382316324479,1.06058338818044,2.27737338333676,1.75917332054675,-0.730386428741956,1,2.26257827557271,1,0,20,0.5,0.15,55
1.03752694080068,1.9692938435394,0.946320504858049,1.8425227399067,1.83892561794719,1.98577569952677,0.396443797058855,1,2.08805178750165,1,0,20,0.5,0.15,56
1.01207550090709,1.69196415959623,0.619354748760179,1.64394553288697,1.71583869974392,1.65745304448037,-0.0551519725783524,1,1.93254402658908,1,0,20,0.5,0.15,57
1.04739164412517,1.60425618479516,0.971211774993737,1.46615461869813,1.61568894583285,1.53573250246375,0.126716376178025,1,1.7374519360263,1,0,20,0.5,0.15,58
1.05313564803418,1.9563709042468,1.12784272040664,2.01268692003263,2.34397192419943,2.01492968032767,-0.0983133341298459,1,1.71889893362321,1,0,20,0.5,0.15,59
1.20031146572339,1.63759110077136,1.2764658945797,1.69749435757038,1.19719802550473,1.63918270936058,0.370492465178672,1,1.69138904702114,1,0,20,0.5,0.15,60
1.13946146426661,2.26102377430459,1.18016232690278,2.12431883432281,2.79238873716058,2.15273084391487,-0.114830217660057,1,1.99723298895351,1,0,20,0.5,0.15,61
0.844587638217701,1.19064548970023,0.721080641219853,1.01156029298487,1.31081605248408,1.17884025360193,-0.134716718786168,1,1.44641909466822,1,0,20,0.5,0.15,62
0.944502223557864,2.2104077171391,1.35068634284583,2.6421614995903,3.41310058170502,2.17505052882039,-0.307383809649145,1,2.28002553324418,1,0,20,0.5,0.15,63
0.792092456533395,1.29557653764883,0.828382665561981,1.45885357362992,1.4975762576002,1.25322556211796,-0.0239857546812137,1,1.42361834422377,1,0,20,0.5,0.15,64
0.653342862355316,1.69723299723907,0.686888870308602,1.52973856010463,1.71446377537473,2.0489778818884,-0.0879275185382209,1,1.93257663198651,1,0,20,0.5,0.15,65
0.858845390686285,2.71061048568144,1.22950866831557,3.71084806002363,3.01545713255926,2.77989736448771,0.00298806337724122,1,2.13520708139593,1,0,20,0.5,0.15,66
0.985219438028976,2.48764129021865,0.863150279680764,2.45279170865358,2.24770982355775,2.58914981797475,0.0573890680061667,1,2.55380257003694,1,0,20,0.5,0.15,67
0.95937389715285,2.05212420529897,1.11443719990147,2.2649589474216,1.85377261585927,2.17787689499027,0.249109193914255,1,2.11018404570489,1,0,20,0.5,0.15,68
0.944590160265427,1.99280590119094,0.971454788144853,1.82667594539933,2.04666953959383,1.923567521094,0.0720916317048554,1,2.15618125111099,1,0,20,0.5,0.15,69
0.903233168587179,3.05818882498057,0.709087992623765,2.64791367176264,2.54716952358189,3.19558116055835,0.502537072806692,1,3.18489603724554,1,0,20,0.5,0.15,70
1.04782861509938,2.4262540516611,0.908792904464757,2.41529453325253,1.84864581817897,2.48332658757652,0.299058629182489,1,2.37787008227313,1,0,20,0.5,0.15,71
0.81852856366739,1.57706436293444,0.433227912230166,1.31559101687028,1.63446666548684,1.49296264421389,0.312588229249499,1,1.69964023838533,1,0,20,0.5,0.15,72
1.2137648615837,3.51584086868711,1.21810763880798,3.40891088749376,3.8425001595989,3.49413442708136,-0.204983309394853,1,3.08329570465535,1,0,20,0.5,0.15,73
0.895186963707851,1.41145802260856,1.04951232252097,1.51016897874536,1.30750560624317,1.45241637416652,-0.00788359593200899,1,1.50807735434297,1,0,20,0.5,0.15,74
1.08634744130945,1.43744519787817,1.11496454927245,1.48613526104144,1.50709538011842,1.43637934419897,-0.133156818659877,1,1.46520033518905,1,0,20,0.5,0.15,75
1.01230176878658,1.95661076239166,0.956202547408585,1.62038887656664,2.32267251403134,2.01954514597236,-0.346934935244219,1,1.91246186445371,1,0,20,0.5,0.15,76
0.83571060836463,1.30079073976828,0.759488093174622,1.29448914530425,1.6050698815058,1.44336149010183,-0.194576178668665,1,1.49074192776351,1,0,20,0.5,0.15,77
1.08368129437127,1.21905966241813,1.68381182882168,2.16817037842672,0.773937273358078,1.38245411415692,0.69155334202828,1,1.26075047444086,1,0,20,0.5,0.15,78
1.05969856432572,2.38307746956295,0.886446210128005,2.85041345674527,1.94855956784521,2.42079687915013,0.547538212728844,1,2.35327723139928,1,0,20,0.5,0.15,79
1.13132784548322,1.55282135964851,1.09113732940788,1.49715723238534,2.00295611371322,1.59531495746763,-0.183746758110875,1,1.57607428119092,1,0,20,0.5,0.15,80
1.05840189426091,1.5413902238111,1.00870327004857,1.45548675408299,1.78414318338828,1.51456287786513,-0.224969478902954,1,1.59550158627131,1,0,20,0.5,0.15,81
0.985153048383708,2.19867425768446,1.11512601479178,2.26547998216776,2.16035836314474,2.34555995685574,-0.0187213061128962,1,2.32688968238611,1,0,20,0.5,0.15,82
1.10676212286997,1.95342064042758,1.19103409915306,2.1128265535852,2.48455505951426,2.03240898738731,-0.395752491450774,1,1.7586337754574,1,0,20,0.5,0.15,83
1.24797980245138,2.37791403390661,1.11032260116488,1.96238295542237,2.34571395399819,2.49260943298628,0.124752933215786,1,2.2271748181728,1,0,20,0.5,0.15,84
1.10088630726542,2.25570696111264,1.15776616912431,1.80734358926957,0.409224630190988,2.11630196339545,1.45869647999346,1,1.94439881558253,1,0,20,0.5,0.15,85
1.05316230344281,1.19520518440139,1.39128923851919,1.64233367520793,1.37295438703493,1.26840099712839,0.498156308025429,1,1.20761469722569,1,0,20,0.5,0.15,86
0.958147593035095,1.29975828869175,0.997276899128821,1.29688468104527,1.13124135610359,1.31596221740135,-0.117278785943552,1,1.47736910305041,1,0,20,0.5,0.15,87
1.03628316082705,1.52298856219686,1.01060575304555,1.57031334072822,1.46442724096618,1.52370856943078,0.115097921410357,1,1.45459081608715,1,0,20,0.5,0.15,88
1.11831886303126,1.12098483801241,1.1809244334737,1.2256855791789,1.02482382678302,1.16039127694263,0.10774807784668,1,1.14374758350313,1,0,20,0.5,0.15,89
0.992206976599972,1.37492725519572,0.994896450466981,1.34589842167408,1.59887404676897,1.52711519311771,-0.163868375580691,1,1.44944928455731,1,0,20,0.5,0.15,90
1.01260886406025,1.32585475360049,1.04648746320307,1.28516255128437,1.25669792440832,1.32002059555865,0.103372490301174,1,1.3920558591009,1,0,20,0.5,0.15,91
0.999931111923048,1.91779922444694,1.11592096382275,2.01979551298907,1.92348317249453,1.97202057566813,-0.140246758773808,1,2.05922538786251,1,0,20,0.5,0.15,92
1.20463561996017,1.88846959411948,1.24228251833438,2.16546206642987,1.62761704598521,1.92349685613638,0.167098041555228,1,1.48331932665792,1,0,20,0.5,0.15,93
1.0283087219589,3.50200790024492,0.879080726174531,3.28176578841709,3.37371610088083,3.42711962873357,0.160990593347752,1,3.24005300261284,1,0,20,0.5,0.15,94
1.09162632782263,1.79753446911516,1.09073348585738,1.84995285594076,2.36699101068506,1.80952381491382,-0.311691060390824,1,1.67640420088694,1,0,20,0.5,0.15,95
1.20897294395689,2.78456150068163,1.39923751547331,2.67972981710206,3.08185223787827,2.86863221091198,-0.0817362583566454,1,2.81923073193483,1,0,20,0.5,0.15,96
0.911202793296662,1.79719508143932,1.0682721130677,2.216194183021,1.72437025262441,1.8175775212945,0.356748088495504,1,2.05135419041042,1,0,20,0.5,0.15,97
0.929978738181184,2.60394887224046,0.968733364392579,3.03482240515307,2.32728319376676,2.67123839912954,0.11762847716878,1,2.75510009699248,1,0,20,0.5,0.15,98
1.08382374867602,2.07982016215034,1.32016385885203,2.18710759486985,2.08581220127773,2.12729446831023,-0.0415457670930822,1,1.88304328054696,1,0,20,0.5,0.15,99
0.737072179112213,2.10754102365999,0.711784441101242,2.15940834408004,1.86315790132947,2.10047152425241,0.0366539796348806,1,2.33041271834605,1,0,20,0.5,0.15,100
0.771784897865614,1.56739101540711,0.544696755304324,1.33709064351119,1.51679175434398,1.58028815032047,0.00369494281622385,1,1.98651183635564,1,0,20,0.5,0.15,101
0.788420717730699,1.68784807569565,0.887075289394655,1.65591239241128,2.43485161765248,1.81145892642833,-0.393254606091806,1,1.84877475033655,1,0,20,0.5,0.15,102
1.16210808324438,1.80498236585289,1.2462068869858,1.99255979380772,1.62672691618819,1.82376471518547,0.274356667359401,1,1.55466108726634,1,0,20,0.5,0.15,103
0.821433456897797,1.98704241742345,0.915626121860532,2.20643778541703,1.63555075587103,1.9608834320878,0.524850701415295,1,2.22608941624304,1,0,20,0.5,0.15,104
0.810275649857607,1.85211548964371,0.795018916681514,1.90682723862654,1.63122045817056,1.74144462456177,0.124855510833583,1,2.17304546625781,1,0,20,0.5,0.15,105
1.01040361670283,2.83920661334499,0.950931575559765,2.77806195651796,3.11986302721355,3.07294902073643,0.00562549692006037,1,2.55064657195655,1,0,20,0.5,0.15,106
1.12580545125422,1.94946237216155,1.1558523689125,1.70916724554296,0.768956216481668,1.89400273043852,0.662631142378802,1,1.76028697639863,1,0,20,0.5,0.15,107
1.03427786401639,1.57897200057581,1.10693171810034,1.61317499341246,1.53378409532614,1.53961815085201,0.391016397741236,1,1.45113337178716,1,0,20,0.5,0.15,108
1.31704056823076,2.39679595944858,1.42287006868019,3.12282050719807,2.10412206548533,2.30465496584546,0.25283144817678,1,2.01622640464796,1,0,20,0.5,0.15,109
0.987351537688466,1.64244032349208,1.13931202881708,1.75116720120009,1.42484640676218,1.64902014480973,0.265710015323542,1,1.67082096249358,1,0,20,0.5,0.15,110
1.24915706663784,1.8532074109625,1.28498428157566,1.99468500529967,1.53203066321605,1.71187334218752,1.59137043835942,1,1.80522660827821,1,0,20,0.5,0.15,111
0.898475867444282,2.20812787915981,0.839581741374966,2.25702948079589,2.37133716827014,2.19849618876752,0.080673258819592,1,2.14317954909545,1,0,20,0.5,0.15,112
1.53178278071662,3.193096885989,1.51653289051765,3.1972318514362,3.14932905952326,3.18149554425666,0.238282219648354,1,1.62253239849597,1,0,20,0.5,0.15,113
1.08283741325366,1.48931758225972,1.073501309105,1.49917628076718,1.60846142333957,1.51407119877627,-0.106491310289808,1,1.36297617366112,1,0,20,0.5,0.15,114
0.894148898358822,1.24156829856315,0.537455733974331,0.834627766278249,1.40213807411981,1.30339602539423,-0.313568752572364,1,1.68202392170594,1,0,20,0.5,0.15,115
1.0585259276126,1.4144373436019,1.03509503125968,1.39095965127433,0.71587843371791,1.5916298937959,0.168817872691749,1,1.41807591788815,1,0,20,0.5,0.15,116
1.0545132645837,2.04947613175637,0.865793708914451,1.63345295402298,1.25104917545688,2.03975392222935,0.455021484196398,1,1.89989051182134,1,0,20,0.5,0.15,117
0.803399611432343,1.23063346653264,0.834392516447178,1.33969695631597,1.46955348910656,1.21969148428791,-0.356319211276486,1,1.44242347698885,1,0,20,0.5,0.15,118
0.991404320265055,1.70154482949258,0.857788686260622,1.56451986133411,2.01539134888758,1.68340842520149,-0.0840121285519699,1,1.68781254222004,1,0,20,0.5,0.15,119
0.948709366403001,1.51276392504933,0.60785748695455,0.990348008486367,1.70986802116871,1.4574828031547,-0.312602036150486,1,1.88006236002079,1,0,20,0.5,0.15,120
0.842475754143023,2.07303153966504,0.837384682076681,1.58459340472672,2.14437335916149,2.13354875220391,-0.273784960016021,1,2.25376324434085,1,0,20,0.5,0.15,121
0.898380921194591,2.10090351583888,0.866933999046162,2.10022391892764,1.2340980416422,2.08456023559853,1.23117309634519,1,2.27740601178464,1,0,20,0.5,0.15,122
1.07389364025037,1.62149977831914,1.35216447461859,1.91157382258813,1.92877689776203,1.67103108650334,-0.574558198900379,1,1.50232557955164,1,0,20,0.5,0.15,123
0.971784641334156,1.17544605071878,0.925277540388695,1.05685924529995,1.06461299704872,1.15121026662136,-0.0618412642580712,1,1.57048001595823,1,0,20,0.5,0.15,124
0.970040656492704,3.14131523869702,0.919336232009705,3.23348075517106,3.02690010892785,3.19822875181653,-0.0294017446500805,1,3.13188006462231,1,0,20,0.5,0.15,125
1.0911920369043,1.70430347352889,1.05311601695772,1.82528827796469,1.73773584563347,1.69503271075368,0.393065096080905,1,1.61130528039205,1,0,20,0.5,0.15,126
1.00720258249273,1.57939708067885,0.667914348579448,1.35757593866571,1.44962072498732,1.61166066550278,0.118729379794526,1,1.54399315784842,1,0,20,0.5,0.15,127
1.28704191617393,3.37505264658823,1.42701871962204,3.36598023300728,3.62889836748028,3.56201716121218,-0.113935178566874,1,3.34080884090802,1,0,20,0.5,0.15,128
1.01471234904008,2.63462946904038,0.946247373713786,2.71141259727416,2.80596302751475,2.63728183362249,0.265903071767898,1,2.65626528106735,1,0,20,0.5,0.15,129
1.00406529822982,1.58085023926912,1.00751049892871,1.61950718663217,1.73756385708181,1.74184818109508,0.446735254559472,1,1.60515384049419,1,0,20,0.5,0.15,130
1.1252214386996,1.55512327124592,1.20026167696869,1.72836342319949,1.40575174830613,1.63086793100925,0.213950847919294,1,1.47233050946858,1,0,20,0.5,0.15,131
0.977950817011692,1.36225702323638,1.03140465466068,1.37766255754715,1.46581700510236,1.32789225238099,0.0321255013951899,1,1.41181972933089,1,0,20,0.5,0.15,132
0.977801993643051,1.64436233665213,1.02259159558791,1.70927165321601,1.45196047495494,1.67895008600561,-0.0248730331693379,1,1.63117299498517,1,0,20,0.5,0.15,133
0.813267954094533,1.42551153802679,0.711514768563343,1.39999334709544,1.63056611658229,1.47069820512261,-0.199568303017552,1,1.53984877145674,1,0,20,0.5,0.15,134
1.03434056273053,2.61779640051749,1.04283802672518,2.79316257259611,2.66644153588885,2.62103525578104,0.134007094231041,1,2.66050602170906,1,0,20,0.5,0.15,135
1.05052997152341,1.9163099327506,1.10683368241996,1.82743961856639,1.86601800881501,1.92302296051558,-0.0724766040733365,1,1.95403523982625,1,0,20,0.5,0.15,136
0.973599644260068,2.55200010909292,1.02275598045711,2.56047774826094,2.29399129415902,2.62355464790725,-0.0619580283978021,1,2.41926545777924,1,0,20,0.5,0.15,137
0.916395379743634,2.31480497518619,0.983396972653128,2.2986112163216,2.35766694978871,2.26462267945917,-0.0611466101872949,1,2.38809107240801,1,0,20,0.5,0.15,138
0.879745379322501,3.17900746962072,0.765614231469015,3.03712930836962,3.15447251858119,3.18890229712204,-0.0643795169806696,1,3.1966827796606,1,0,20,0.5,0.15,139
1.0518129810964,2.96165854509186,1.12412291834901,2.9836887308492,2.3731332024748,3.00575847258649,0.649876720918198,1,2.56572685222526,1,0,20,0.5,0.15,140
1.03553473260186,1.14484908039954,0.91428258435422,0.998518034484853,1.31612465318552,1.14361011141472,-0.0378771913593617,1,1.25345572691387,1,0,20,0.5,0.15,141
0.839425220828304,1.72179481484583,0.779665749283852,1.50189524319541,0.933643941096697,1.72691698856979,0.262349454412298,1,1.92414836619604,1,0,20,0.5,0.15,142
1.02475521197714,1.88941253021462,0.873091916167516,1.77176826769639,1.8564601768848,1.85819754033998,0.0569322065179938,1,1.80199609002363,1,0,20,0.5,0.15,143
0.990902740599866,1.4666306834174,0.862585870831503,1.29787432613762,1.24211287402282,1.47785501489323,-0.0801694943506408,1,1.42530693658294,1,0,20,0.5,0.15,144
1.14045330803602,1.5978818676165,1.07394535209208,1.47957974113208,1.76857091731784,1.62040655190602,-0.162486506834077,1,1.40054810540564,1,0,20,0.5,0.15,145
0.678832340876417,2.67009068500891,0.621243707004777,2.42141450975533,2.48249893146335,2.96349199365284,0.186072323306871,1,2.67058159964562,1,0,20,0.5,0.15,146
1.02846668742342,2.00060342332164,1.33138929003267,2.60301710311527,1.99833596668096,2.05668248432637,-0.0687259984731146,1,1.81410213106109,1,0,20,0.5,0.15,147
0.970185028290762,2.63289767973742,1.00064894475891,2.7304487931447,2.39018833753921,2.86066442285285,0.231779486930434,1,2.67658318527121,1,0,20,0.5,0.15,148
1.11469203536547,2.52063678083245,1.24305840846625,2.0945296856159,2.30314296043176,2.49115719179046,0.0759537415882376,1,2.54007621649421,1,0,20,0.5,0.15,149
1.65199379588292,1.82596172150114,1.65787670077332,1.8261551684218,1.7197703145311,1.70903159722619,0.218654968593118,1,1.30980626168078,1,0,20,0.5,0.15,150
1.11936871368932,1.43263572985647,1.25102315855859,1.53584926993033,1.80564112499811,1.41593189750782,-0.353469547522726,1,1.30998871885061,1,0,20,0.5,0.15,151
0.840028738061398,1.23313677218842,0.988350158556946,1.34476694027414,1.41655912246397,1.31615782539347,-0.112744189058205,1,1.34728755110843,1,0,20,0.5,0.15,152
1.11966496078213,1.90317005849777,1.12829074375338,1.76053458924622,1.94184582865584,1.81068916697531,0.0273354932636825,1,2.17480965468658,1,0,20,0.5,0.15,153
0.946814859489076,2.04784074908488,0.867391319893647,1.90628997281254,1.9568346058362,1.88763268595619,-0.15843804206863,1,2.09807203110953,1,0,20,0.5,0.15,154
0.975964870344269,1.8983617646276,1.0266422278367,2.09844877455153,1.67717734235838,1.8597134549428,0.0930869230991342,1,1.81610865801339,1,0,20,0.5,0.15,155
0.957838383080693,1.72981882746125,1.02315987974782,1.74104891807554,1.74846725820396,1.74843315917693,-0.0917782663020004,1,2.07590538235274,1,0,20,0.5,0.15,156
0.943806713835994,1.87011433976535,1.17905833305837,1.99872349685031,1.85210421675358,1.7934024117188,0.0464970004369189,1,1.87034334441416,1,0,20,0.5,0.15,157
0.492898696508165,1.35158409862296,0.173409307993674,1.21998214008504,1.10620795508613,1.12194136196893,0.25900908986063,1,1.92705447618045,1,0,20,0.5,0.15,158
0.860674378547636,1.65709942278715,0.511738177976968,1.56551551853511,1.55757419046694,1.66335544201769,-0.0544854099670008,1,1.85112425184447,1,0,20,0.5,0.15,159
1.06175990397678,1.33894247346088,0.857180747868746,1.12133188248998,1.28584315027424,1.29752948940754,0.0325877981258375,1,1.34825024262352,1,0,20,0.5,0.15,160
0.897029780648215,1.10631218704787,0.945705646744085,1.05828382474642,1.11856880217473,1.22836874320562,0.0475695781248179,1,1.43557824094077,1,0,20,0.5,0.15,161
1.06111181493054,2.46109020274216,1.35923191633071,2.63441105421239,2.39036016290192,2.43307319377393,-0.0976676288395055,1,2.08198228676691,1,0,20,0.5,0.15,162
0.994860792822734,1.63091688525325,1.10214756505617,1.90540177480208,1.33430290443814,1.69513017566607,0.280335316873599,1,1.68240871627469,1,0,20,0.5,0.15,163
0.817382173926211,2.97819514852116,0.811327469815572,2.81759673984196,2.83316623194859,2.96381766363755,0.0985494486500842,1,3.17471337601844,1,0,20,0.5,0.15,164
0.959573223234764,1.64364429469236,0.978237603062208,1.75416893286452,1.36014708143004,1.5700238597965,0.156223024853218,1,1.6595510485028,1,0,20,0.5,0.15,165
0.923199000929918,1.24403136274268,0.793372770391053,1.43901521696974,0.94859178294908,1.18256848164785,0.165591621339994,1,1.37705365381318,1,0,20,0.5,0.15,166
1.05685312946992,2.18750099901007,0.9629776656929,2.0156781455855,2.65599529112712,2.22029569788652,-0.638439257590198,1,2.04655789861136,1,0,20,0.5,0.15,167
0.918909669026376,2.24803587922797,0.860682665526489,2.12986820929223,2.44399262575742,2.20697271516648,-0.115019426110161,1,2.13558938520363,1,0,20,0.5,0.15,168
1.28258707251716,2.86529685057986,1.66923189756605,3.25750090169368,3.72732637043307,2.77439944211707,-0.207752602219394,1,2.86589424218866,1,0,20,0.5,0.15,169
0.987525676139646,1.83501028935382,1.23920966321216,2.20015577116232,1.98223097724118,1.91466909794073,-0.171630778383403,1,1.68130063342611,1,0,20,0.5,0.15,170
1.09373057460838,1.81649115680748,0.792665912490958,1.36702127326298,2.0192481602503,1.68311796952859,-0.121642732794295,1,1.93593745906075,1,0,20,0.5,0.15,171
1.01465111376966,2.50771821192263,0.952244404567852,2.53110297321876,2.3834503209813,2.5056544035743,0.086703604838781,1,2.45201932090275,1,0,20,0.5,0.15,172
0.9726267685278,2.98963872442257,1.01778393220834,2.78515333310968,3.5592068506644,2.91453394385557,-0.308940018029075,1,3.18845138681806,1,0,20,0.5,0.15,173
0.956572168280862,1.49856192937909,1.04885077967141,1.61186297772009,1.40160764920947,1.45116304035228,0.117921198697599,1,1.48185142093622,1,0,20,0.5,0.15,174
1.19264238710974,1.84495813752984,1.16600265962571,1.78551751386825,2.00979397586312,1.93635677686637,-0.0209931175625627,1,1.61237684440748,1,0,20,0.5,0.15,175
0.899357630672308,1.21221180402226,0.829444814577885,1.03948029398863,1.0952800518692,1.23226051821969,0.143502283961796,1,1.3742388676906,1,0,20,0.5,0.15,176
0.892947156980495,1.78237046903434,0.916837065702463,1.90557095996805,2.08789489727467,1.85119296400841,0.227919264286343,1,2.02853899190333,1,0,20,0.5,0.15,177
1.01855045077805,1.86558137707842,0.972645593467077,1.88186804408143,2.0608492919004,2.00004654698131,-0.0691057255666789,1,1.81905137589891,1,0,20,0.5,0.15,178
1.09055212984233,3.54563239702009,0.988178441018135,3.32275699575553,2.14905175023893,3.39044156245874,-0.305346044385131,1,4.00310499171906,1,0,20,0.5,0.15,179
1.04675959349512,1.53223365328354,1.1875897300789,0.897406751089925,0.947271757164171,1.66642103104181,0.753044350306404,1,1.52739527671938,1,0,20,0.5,0.15,180
0.99390452434146,2.31101489621425,0.781780708136458,1.90335116476174,1.67425609135862,2.21168014923081,0.43744595027533,1,2.49020218256431,1,0,20,0.5,0.15,181
1.20457432963656,1.46342567108628,1.2359424477791,1.31499224191068,1.58862488966483,1.53180704948935,0.00378195769619791,1,1.26901136764696,1,0,20,0.5,0.15,182
0.972657411428884,2.10479050365751,0.88816073636962,1.89416018469514,2.80914368923553,2.05325670986225,-0.709880577632044,1,2.16289311636367,1,0,20,0.5,0.15,183
0.969351781488268,1.80541020422247,1.01809339076072,1.86936265927537,1.67768401406276,1.76623423002412,0.111058138846962,1,1.90765796522836,1,0,20,0.5,0.15,184
1.05489021699204,1.95595446648872,1.22009797334542,2.3980446050488,2.48659037040183,2.11250361350835,-0.339501008630753,1,1.83062098419898,1,0,20,0.5,0.15,185
1.08326381390796,1.62325204721484,1.11542295825215,1.57220333608565,1.30484970626135,1.81039547291516,0.107861211031354,1,1.57024805173339,1,0,20,0.5,0.15,186
1.20682775985153,1.68337582026481,1.18155937584341,1.67076924226537,1.88841469717797,1.7070620512869,-0.275502358041036,1,1.45118890035147,1,0,20,0.5,0.15,187
1.00419793394521,2.07973770873567,0.935873109602832,2.17243795937188,2.00038957866748,1.97689654413365,-0.0364867092231193,1,2.53914284718412,1,0,20,0.5,0.15,188
1.21458233910984,5.46312479472582,1.15869584643947,5.47667803026171,5.28206861507012,5.46896940880814,0.165726096507928,1,5.73208555831354,1,0,20,0.5,0.15,189
1.12620283554649,2.01482096182598,0.974899413621168,1.82836539721691,2.38792296828741,1.94182326342253,-0.318959396137256,1,2.09205768190728,1,0,20,0.5,0.15,190
0.935138851304403,1.93794064394379,0.699856289783725,1.76339274945792,1.89285781661295,1.94209697003309,-0.011884445591796,1,2.02392735574612,1,0,20,0.5,0.15,191
0.994496467047086,3.021737074373,0.923830364751126,3.12486436468426,3.00637629669097,2.7637117848929,-0.449690909949803,1,2.90801579559033,1,0,20,0.5,0.15,192
1.23774634850412,1.78562442267832,1.35329243422468,1.84445615458712,1.99587067745543,1.69269851208093,-0.122311737212911,1,1.88670916233832,1,0,20,0.5,0.15,193
1.08763020099155,2.26612801433963,0.729971971124724,1.83691895786985,2.51344061582326,2.29134588612867,0.12220875061578,1,2.10505116087367,1,0,20,0.5,0.15,194
1.05245645437931,1.38977317070802,1.04412331576898,1.22667525978165,1.62180553435322,1.52010854254865,-0.0950505840335104,1,1.30118635091759,1,0,20,0.5,0.15,195
1.04514718494585,2.1089204305381,1.04119926608095,2.18393346584999,1.73313315037709,2.20176081531264,0.414393752784619,1,2.42385763298877,1,0,20,0.5,0.15,196
1.0315929605542,1.74356132473213,1.03342767016211,1.75612518445602,1.81289868999799,1.69141584708037,-0.060211435351139,1,1.51263660824329,1,0,20,0.5,0.15,197
1.03719304291262,1.52314752856596,1.05697306108505,1.30569346771759,1.676216029864,1.57223727311831,-0.253764471224143,1,1.64944102764201,1,0,20,0.5,0.15,198
0.916892236231227,1.55038589402673,0.809697152439522,1.43067168575754,1.84340018377368,1.57134898659842,0.0449423533930869,1,1.62195608728912,1,0,20,0.5,0.15,199
1.02342309893897,1.61737678317109,1.12477080496087,1.74147903092066,1.66717346767269,1.64908027033253,-0.100227314775944,1,1.43714324039757,1,0,20,0.5,0.15,200
0.908049630561251,4.62866535194573,0.766954889324134,4.88340438063612,3.40523760805819,4.3095642431184,0.692096340010912,1,4.09897800020376,2,0.5,20,0.5,0.15,1
0.994235983152242,1.33344827180659,0.936229013005576,1.48326180824457,1.09603221638709,1.31102442668831,0.109083532098383,1,1.79738289789036,2,0.5,20,0.5,0.15,2
1.0758043350086,2.21850001887052,1.07866898021445,2.38473077401416,2.0282207065496,2.20295369346462,-0.00149171824833427,1,1.70237609908682,2,0.5,20,0.5,0.15,3
1.1627076199554,1.45001107300087,1.11414637418969,1.58515350976484,1.36827046125877,1.24749119379287,-0.0991244160683121,1,1.37259549073274,2,0.5,20,0.5,0.15,4
1.11309345125123,2.77159512702684,1.48349195248095,3.33414962443231,2.63757679298539,2.40637889241832,0.0602437365931032,1,2.07620204395668,2,0.5,20,0.5,0.15,5
1.08678042443222,1.87195346505863,0.989763702967565,1.80266926988834,0.923074894037508,1.53247458321746,0.407836186527713,1,1.534284891176,2,0.5,20,0.5,0.15,6
0.963011640840374,2.02793956881164,0.943111435810599,2.023265606499,1.4570230332258,1.86434034392784,0.297396582740246,1,1.79085331376996,2,0.5,20,0.5,0.15,7
1.16717109356385,1.97391151988534,1.37262429057446,2.27973682592979,1.91296802017305,1.89321591403474,0.104549117271309,1,1.59860035300324,2,0.5,20,0.5,0.15,8
0.950953813119656,2.0264222700494,0.971805982043118,2.20459934494467,1.51715145909306,1.80185852730802,0.562035901782559,1,1.94752200645941,2,0.5,20,0.5,0.15,9
0.895883825921431,1.93076940723279,0.938118689855244,1.99401333043651,1.74805470821936,1.55485080080231,0.112295076964951,1,2.00023424885189,2,0.5,20,0.5,0.15,10
1.04672289373703,1.7199576546955,1.07829135711936,1.74160266299857,1.27693240892899,1.57226002827149,0.424924650086949,1,1.54622680714423,2,0.5,20,0.5,0.15,11
1.02821161117057,7.01670039401369,1.02869404771368,7.16326366995691,6.36274693453409,6.63073995937871,0.417560242748721,1,4.74306493528365,2,0.5,20,0.5,0.15,12
1.18384736836547,2.13793216573824,1.15910687337463,2.23821959538755,2.4142478572772,2.01857148832354,-0.0764095462448867,1,1.54212599566099,2,0.5,20,0.5,0.15,13
0.803507741653502,1.14170033594011,0.923428051805227,1.25815484464545,1.20952959601678,0.908987805890236,0.051390880671921,1,1.30135231947153,2,0.5,20,0.5,0.15,14
1.01943743462733,1.5132965614594,1.10399681306911,1.5643355345515,1.59500402858369,1.50772900625782,0.17365386402868,1,1.4235815585589,2,0.5,20,0.5,0.15,15
1.15830543423352,1.79314739091596,1.302337094435,1.77441164021172,1.71617674929443,1.83704978410607,0.00411389779980365,1,1.42615860332722,2,0.5,20,0.5,0.15,16
0.947550574449947,1.92467552515912,0.995274208058121,1.96075331144956,0.930815751141133,1.81648196260232,0.146808761515497,1,1.47782849929282,2,0.5,20,0.5,0.15,17
1.11312302782288,1.56466903923129,1.26325900390738,1.84092606549771,1.28303030027359,1.15702973707609,0.104017465629489,1,2.14996984059751,2,0.5,20,0.5,0.15,18
0.912475263323747,3.82964546861174,0.99645991080146,3.60895933178622,2.49679119486143,3.68468081681877,0.73505559892752,1,2.76102580135139,2,0.5,20,0.5,0.15,19
0.837225201168024,1.48139808644788,0.770313863574771,1.47185476384619,1.57085619477857,1.35565148802423,0.0394360157442392,1,1.47035106806905,2,0.5,20,0.5,0.15,20
0.965461731913056,2.09638459567876,0.876601529952128,2.18752940148892,1.88518648278643,1.75654733716785,-0.0438110811111437,1,1.92985313304373,2,0.5,20,0.5,0.15,21
1.04998094707778,2.95295836977332,0.938407249065105,3.02816713004699,2.73043319935986,2.85716220638996,0.227518626524182,1,2.33483131435582,2,0.5,20,0.5,0.15,22
0.919169404546272,2.02452336744303,0.878043860834461,1.9314097390018,1.73289400057917,1.77659177523993,0.260601072571727,1,1.8043585333989,2,0.5,20,0.5,0.15,23
1.14803554266737,4.95374227649189,1.25938750281899,5.37303035974003,3.85544241222577,5.17357692265127,0.967144047586116,1,3.63270399448204,2,0.5,20,0.5,0.15,24
1.12352640579952,1.34612645699594,1.11284091689133,1.48443775906372,1.44167734826389,0.970856076976991,-0.00681585016288041,1,1.25912365210085,2,0.5,20,0.5,0.15,25
0.952167397296747,1.73579539561826,0.943043083594512,1.75516734357925,1.43992010693326,1.66531287009292,0.0929182592672759,1,1.56921071913661,2,0.5,20,0.5,0.15,26
0.923279928709441,2.01231691729832,0.922145023264356,1.92072992677068,1.74898092048385,1.75389953905083,0.516428793630171,1,1.7199127052492,2,0.5,20,0.5,0.15,27
1.21801338913872,2.22409522182659,1.17745994537428,2.39675609314494,2.22730228920089,1.92160266997378,0.0654521336183417,1,1.79214857718873,2,0.5,20,0.5,0.15,28
0.967446579741681,1.4854229597851,0.983054303706308,1.54576808831152,1.58130658486043,1.42222302291052,-0.158296685095544,1,1.38140985176584,2,0.5,20,0.5,0.15,29
0.878701599650395,1.36476753821034,1.00517256240638,1.51304196625209,1.30856605812921,1.30042477326874,0.0865329805794758,1,1.28280822596994,2,0.5,20,0.5,0.15,30
1.1314593074853,2.43816806930052,1.08182554755511,2.4995242849432,1.84499700687737,2.27158178049234,0.567248811668848,1,1.87471804143493,2,0.5,20,0.5,0.15,31
0.95381759512517,2.08716739334212,1.01690876431994,2.26286777450601,1.65512597248505,1.74207076082395,-0.0719350583086674,1,1.74685760320104,2,0.5,20,0.5,0.15,32
0.825978507762582,2.08922339195161,0.589180777410429,1.85827596114003,1.74447883061617,1.85146009653592,0.357302985690679,1,1.99545391545643,2,0.5,20,0.5,0.15,33
1.11060268345804,2.27522230875741,0.959888207833492,2.28430881808779,2.17443445139778,2.09109473674753,0.127081441479664,1,1.78687780335143,2,0.5,20,0.5,0.15,34
1.02752423416127,2.90048430059591,0.984759724345688,2.78263264162452,2.43170120277737,2.85214856154355,0.0710024011992743,1,2.01503300635131,2,0.5,20,0.5,0.15,35
0.936139926057658,5.8054808959096,0.822060972271226,5.48260769764152,3.7001894871125,5.3408552076451,0.589716636209355,1,3.75660746567185,2,0.5,20,0.5,0.15,36
1.25727123380746,2.78670781031494,1.35027855739549,3.12177453267981,2.41664167108832,2.65608664331145,0.322893447783959,1,2.01206319569976,2,0.5,20,0.5,0.15,37
0.766920573646306,1.14396259845859,0.641856921653406,1.04585232953389,0.592123148084512,1.06653388274476,0.297195109880941,1,1.32906957674301,2,0.5,20,0.5,0.15,38
0.947885268936657,1.50526708549057,0.911123604869442,1.49534865686356,1.58811107073118,1.53730767491538,-0.08948956423187,1,1.4648345672005,2,0.5,20,0.5,0.15,39
0.963250768314872,1.71525490367581,0.788602925467865,1.49416352036167,1.54056220541595,1.75676788711491,0.0960336803175423,1,1.56218064763835,2,0.5,20,0.5,0.15,40
1.14448035060864,2.64900488155503,1.19723131209453,2.79398078908155,2.05161732174034,2.16347277483416,0.375196623355836,1,2.22155472490073,2,0.5,20,0.5,0.15,41
1.004323870049,2.56335742591312,0.945312393943619,2.84060365315225,2.29199119677427,2.47373197950513,0.388789790462518,1,2.31517733844399,2,0.5,20,0.5,0.15,42
0.853573371922171,1.61678006344221,0.864560152552502,1.61551082449805,1.591329232147,1.37631642919316,0.0985591098282459,1,1.54162039203723,2,0.5,20,0.5,0.15,43
0.983024562836068,1.48012289371859,0.941472502767412,1.37087676765726,0.884735221267468,0.942301505806486,0.341921200742001,1,1.38923512670778,2,0.5,20,0.5,0.15,44
1.02452181952073,3.41582671058307,0.838640349236136,2.94834652482094,2.75059747445179,2.93249422813635,0.488429790036999,1,2.27575866211353,2,0.5,20,0.5,0.15,45
1.61572489553417,2.25795844591649,1.62688530269114,2.50297314225448,1.87900264362538,2.33866623269324,0.314595983268513,1,1.66093096163141,2,0.5,20,0.5,0.15,46
1.1014662820039,2.27134512543011,1.15722306886767,2.50701419044055,1.71946325522481,1.98512609823791,0.212621344277774,1,1.83382728961899,2,0.5,20,0.5,0.15,47
0.987146243893013,3.78254617228568,0.8378736210722,3.5054815844074,3.98687554176587,3.41301004280167,-0.656731969716877,1,3.0271886232031,2,0.5,20,0.5,0.15,48
1.07190564476091,1.68960570766974,1.13282504086157,1.78047452451638,1.68881558433938,1.32806378199596,0.154814787069355,1,1.41840288160595,2,0.5,20,0.5,0.15,49
0.948996625094411,8.52506463074214,1.00433628199287,8.99703011881005,6.99877940278615,8.03434982426755,0.421310165274147,1,6.38192353822572,2,0.5,20,0.5,0.15,50
1.06377615401446,3.19526879403063,1.22999253332664,3.49397271597526,2.57803685078344,2.7922713707385,0.489097756728425,1,2.45887619748525,2,0.5,20,0.5,0.15,51
0.942999457071088,1.63971309032099,0.96573670829834,1.64743432875731,0.894733719326045,1.40959203866302,0.0544628360848852,1,1.4691918058523,2,0.5,20,0.5,0.15,52
1.00570073713543,2.15798327119654,0.989579926815983,2.2941797918085,2.46676025132927,1.84598762378132,-0.446722896160121,1,1.79722351290164,2,0.5,20,0.5,0.15,53
0.86795997886596,1.6591555877589,0.700676329542313,1.50982560597518,1.68456431009782,1.68275195865651,-0.00705307988844789,1,1.51066270652389,2,0.5,20,0.5,0.15,54
0.754191398701608,2.25785395779911,0.278382316324481,1.6918725259668,2.27737338333677,2.08607977676772,-0.361405145518518,1,2.26257827557271,2,0.5,20,0.5,0.15,55
1.04044278284333,2.44301588990634,0.946320504858049,2.38654863365752,1.83892561794719,2.24697618067875,0.729778934646701,1,2.08805178750165,2,0.5,20,0.5,0.15,56
1.01363125593667,2.01699693071511,0.619354748760178,2.11021754618151,1.71583869974392,1.82901179231152,0.17949319826977,1,1.93254402658908,2,0.5,20,0.5,0.15,57
1.06864537400077,1.85829973447088,0.971211774993737,1.83488058671128,1.61568894583285,1.46742324163279,0.359426389602359,1,1.7374519360263,2,0.5,20,0.5,0.15,58
1.04617007054376,2.3703946806384,1.12784272040664,2.37213638684424,2.34397192419943,2.00716303483562,0.0682775523763187,1,1.71889893362321,2,0.5,20,0.5,0.15,59
1.16640903635425,1.86042432947697,1.2764658945797,2.04318888108095,1.19719802550473,1.52425928121997,0.54281825461528,1,1.69138904702114,2,0.5,20,0.5,0.15,60
1.23747898227558,2.77270637557925,1.18016232690277,2.62293532879957,2.79238873716058,2.52962342553142,0.19694347585391,1,1.99723298895351,2,0.5,20,0.5,0.15,61
0.857830600313998,1.37707514372659,0.721080641219851,1.23476984031898,1.31081605248408,1.13376350566626,0.0218895643298246,1,1.44641909466822,2,0.5,20,0.5,0.15,62
0.934406529138413,2.93522802618082,1.35068634284583,3.28217426621239,3.41310058170502,2.56315163351078,-0.0758797250738663,1,2.28002553324418,2,0.5,20,0.5,0.15,63
0.814618575061535,1.47009976201464,0.828382665561981,1.67066274574181,1.4975762576002,1.42536589354691,0.0363728723454829,1,1.42361834422377,2,0.5,20,0.5,0.15,64
0.640739779880053,2.02217489804873,0.6868888703086,1.99602687609788,1.71446377537473,2.0889314813665,0.0700438872546475,1,1.93257663198651,2,0.5,20,0.5,0.15,65
0.843717154102036,3.3639171349871,1.22950866831557,4.27845160072159,3.01545713255926,2.97828156029016,0.346427552635752,1,2.13520708139593,2,0.5,20,0.5,0.15,66
0.961286349649566,3.10461663040648,0.863150279680763,3.22969299367205,2.24770982355775,2.80446483308246,0.374734489851136,1,2.55380257003694,2,0.5,20,0.5,0.15,67
0.936100667131724,2.37329967117639,1.11443719990147,2.82005097027404,1.85377261585927,2.07494658100689,0.518086352368761,1,2.11018404570489,2,0.5,20,0.5,0.15,68
0.903452369279236,2.49658480412036,0.971454788144852,2.40476657095483,2.04666953959383,2.04813032705405,0.2869882263391,1,2.15618125111099,2,0.5,20,0.5,0.15,69
0.864610722392704,3.78509271055132,0.709087992623765,3.74036169038541,2.54716952358189,3.37995804160265,1.10769793954817,1,3.18489603724554,2,0.5,20,0.5,0.15,70
0.988336049822063,2.73507647737897,0.908792904464756,3.10422957438909,1.84864581817897,2.42636944764919,0.631685449236964,1,2.37787008227313,2,0.5,20,0.5,0.15,71
0.83258064743154,1.82559215947479,0.433227912230166,1.66541113606294,1.63446666548684,1.44182008166233,0.56479656017862,1,1.69964023838533,2,0.5,20,0.5,0.15,72
1.21893160534234,4.29522802341896,1.21810763880798,4.45055873982143,3.8425001595989,4.08326124763149,0.340481004082109,1,3.08329570465535,2,0.5,20,0.5,0.15,73
0.898547320812439,1.59474670492821,1.04951232252097,1.76420765591685,1.30750560624317,1.51328764641909,0.124200269341006,1,1.50807735434297,2,0.5,20,0.5,0.15,74
1.08326559382514,1.63608900459822,1.11496454927245,1.71873542863596,1.50709538011842,1.61749038725548,-0.0719068796780064,1,1.46520033518905,2,0.5,20,0.5,0.15,75
1.01784645410621,2.18356543313922,0.956202547408585,2.07661980879349,2.32267251403134,2.0809984722652,-0.112450013346145,1,1.91246186445371,2,0.5,20,0.5,0.15,76
0.82458756401638,1.50016552054678,0.75948809317462,1.539860109186,1.6050698815058,1.25664739046516,-0.0751896220029372,1,1.49074192776351,2,0.5,20,0.5,0.15,77
1.08726245454476,1.33499771705298,1.68381182882168,2.29854561564714,0.773937273358078,1.19456955812916,0.734797091970298,1,1.26075047444086,2,0.5,20,0.5,0.15,78
1.06322532393628,2.64534425595755,0.886446210128005,3.52705207244491,1.94855956784521,2.50198879619094,0.755947584980325,1,2.35327723139928,2,0.5,20,0.5,0.15,79
1.19995776885609,1.83936804534791,1.09113732940788,1.7851943729808,2.00295611371322,1.71577934337357,-0.00534481222105043,1,1.57607428119092,2,0.5,20,0.5,0.15,80
1.08674291966227,1.78046366359976,1.00870327004857,1.75323754721865,1.78414318338828,1.56657576615197,-0.105403541452139,1,1.59550158627131,2,0.5,20,0.5,0.15,81
0.990851310799666,2.67358400881649,1.11512601479178,2.92892482336081,2.16035836314474,2.59146615944397,0.273905649849847,1,2.32688968238611,2,0.5,20,0.5,0.15,82
1.12739551116321,2.34810487318101,1.19103409915306,2.4921434413139,2.48455505951426,2.16128722971534,-0.16938440815601,1,1.7586337754574,2,0.5,20,0.5,0.15,83
1.24408521506103,3.05895135986816,1.11032260116488,2.57597036450877,2.34571395399819,2.88926215386796,0.391812392352946,1,2.2271748181728,2,0.5,20,0.5,0.15,84
1.118395149436,2.80753596655471,1.15776616912431,2.27954299706084,0.409224630190989,2.05158582019984,1.61520369301286,1,1.94439881558253,2,0.5,20,0.5,0.15,85
1.02220885183613,1.2559271946635,1.39128923851919,1.74614102382078,1.37295438703493,1.41258392272362,0.553233455150018,1,1.20761469722569,2,0.5,20,0.5,0.15,86
0.931313387882374,1.43111950701135,0.997276899128821,1.53556923257048,1.13124135610359,1.2873019947684,-0.0598238577585501,1,1.47736910305041,2,0.5,20,0.5,0.15,87
1.07164877557666,1.67291875486903,1.01060575304555,1.79760874877179,1.46442724096617,1.47243736274445,0.202793081793749,1,1.45459081608715,2,0.5,20,0.5,0.15,88
1.11826607710007,1.16732746487666,1.1809244334737,1.29755937093046,1.02482382678302,1.10618701369319,0.142195018213458,1,1.14374758350313,2,0.5,20,0.5,0.15,89
0.912894421965438,1.51573437381924,0.994896450466981,1.57062306395274,1.59887404676897,1.5706112579467,-0.115199961526493,1,1.44944928455731,2,0.5,20,0.5,0.15,90
1.00698775995932,1.53496891247855,1.04648746320307,1.48119048083482,1.25669792440832,1.49539605049398,0.167879258220286,1,1.3920558591009,2,0.5,20,0.5,0.15,91
1.00880017786258,2.32987494803918,1.11592096382275,2.54940820692033,1.92348317249453,2.17700009855052,0.121594051113971,1,2.05922538786251,2,0.5,20,0.5,0.15,92
1.20062170666772,1.96583185302359,1.24228251833438,2.40712172975883,1.62761704598521,1.87262520897165,0.24915667479259,1,1.48331932665792,2,0.5,20,0.5,0.15,93
1.06250985228877,4.1115596815139,0.879080726174531,4.40179228972351,3.37371610088082,3.8564401767911,0.891010252639607,1,3.24005300261284,2,0.5,20,0.5,0.15,94
1.05158392824425,2.15268061134706,1.09073348585738,2.18815495638423,2.36699101068506,1.7672086451085,-0.259215447950234,1,1.67640420088694,2,0.5,20,0.5,0.15,95
1.25684822454796,3.52804070541873,1.39923751547331,3.58934518306947,3.08185223787827,3.27619837952806,0.28575838258594,1,2.81923073193483,2,0.5,20,0.5,0.15,96
0.91457867794846,2.11858719351218,1.06827211306771,2.74187127822621,1.72437025262441,2.02844692536416,0.54105107506938,1,2.05135419041042,2,0.5,20,0.5,0.15,97
0.939279082890882,3.22019540874719,0.968733364392577,3.91237245364931,2.32728319376676,3.00153401010062,0.536749337009965,1,2.75510009699248,2,0.5,20,0.5,0.15,98
1.11033101064439,2.45368512951402,1.32016385885203,2.62862923514332,2.08581220127773,2.40411121214582,0.233266393934232,1,1.88304328054696,2,0.5,20,0.5,0.15,99
0.738904860121923,2.51891244921845,0.711784441101243,2.82461470325307,1.86315790132947,2.41919109177465,0.229705729273336,1,2.33041271834605,2,0.5,20,0.5,0.15,100
0.756767889771663,1.86015126862903,0.544696755304323,1.83034656168901,1.51679175434398,1.71394462762204,0.252634735400666,1,1.98651183635564,2,0.5,20,0.5,0.15,101
0.810904991960197,2.09387973810089,0.887075289394655,2.08029976757955,2.43485161765248,1.94469647943057,-0.0841089701604409,1,1.84877475033655,2,0.5,20,0.5,0.15,102
1.12996316693171,1.9981686022624,1.2462068869858,2.26989033744089,1.62672691618819,1.89894457339644,0.390721470254261,1,1.55466108726634,2,0.5,20,0.5,0.15,103
0.802158601744202,2.46707470941385,0.915626121860531,2.81948249353855,1.63555075587103,2.17869116382461,1.0092665552395,1,2.22608941624304,2,0.5,20,0.5,0.15,104
0.81339637018958,2.12823279869493,0.795018916681514,2.49334997175544,1.63122045817056,1.91798184281447,0.453325415143941,1,2.17304546625781,2,0.5,20,0.5,0.15,105
1.02214545705378,3.64910475652127,0.950931575559766,3.55338524249624,3.11986302721355,3.49396173885339,0.419661186000125,1,2.55064657195655,2,0.5,20,0.5,0.15,106
1.08786438547018,2.20971962052944,1.1558523689125,2.08931073374227,0.768956216481669,1.57681390455116,0.842976991283761,1,1.76028697639863,2,0.5,20,0.5,0.15,107
1.05080219867604,1.72869002780219,1.10693171810033,1.83874167930604,1.53378409532614,1.51568037305449,0.522218803535008,1,1.45113337178716,2,0.5,20,0.5,0.15,108
1.26976617717264,2.54354968652683,1.42287006868019,3.63093370952205,2.10412206548533,2.27136840745985,0.486189086656123,1,2.01622640464796,2,0.5,20,0.5,0.15,109
0.969723538237877,1.82056375689399,1.13931202881708,2.08657768244688,1.42484640676218,1.61104590898459,0.417836111422342,1,1.67082096249358,2,0.5,20,0.5,0.15,110
1.25504740208151,2.12243135912965,1.28498428157566,2.39729830943877,1.53203066321605,1.49843487265045,1.82121526267073,1,1.80522660827821,2,0.5,20,0.5,0.15,111
0.909624327966148,2.60260646050344,0.839581741374966,2.82861925534361,2.37133716827014,2.2921015520409,0.192920879932035,1,2.14317954909545,2,0.5,20,0.5,0.15,112
1.52037957033609,3.43293572367534,1.51653289051765,3.50849805068419,3.14932905952326,3.37135535995993,0.376298751709667,1,1.62253239849597,2,0.5,20,0.5,0.15,113
1.07407586634502,1.64486795844566,1.073501309105,1.68066436759774,1.60846142333957,1.61033573970784,-0.0145505843487936,1,1.36297617366112,2,0.5,20,0.5,0.15,114
0.900033430535283,1.52310893885245,0.537455733974331,1.17563972713122,1.40213807411981,1.29389916549291,-0.251810388388147,1,1.68202392170594,2,0.5,20,0.5,0.15,115
1.05604692431573,1.60010628195551,1.03509503125968,1.5999976102184,0.71587843371791,1.44360771103772,0.254824401383844,1,1.41807591788815,2,0.5,20,0.5,0.15,116
1.01242247826685,2.51208794017522,0.865793708914451,2.08339820993365,1.25104917545688,1.96353942294357,0.554065446555154,1,1.89989051182134,2,0.5,20,0.5,0.15,117
0.804545104278815,1.45639733991556,0.834392516447179,1.5609086948104,1.46955348910657,1.24111201169656,-0.289240353159694,1,1.44242347698885,2,0.5,20,0.5,0.15,118
1.00291662046907,1.93238418000275,0.857788686260622,1.90842613244412,2.01539134888758,1.73540679139519,0.0823561568980751,1,1.68781254222004,2,0.5,20,0.5,0.15,119
0.951401504672237,1.78517294999747,0.60785748695455,1.43037918849676,1.70986802116871,1.68339490900018,-0.116035107897084,1,1.88006236002079,2,0.5,20,0.5,0.15,120
0.840113088105576,2.47039123067433,0.837384682076681,2.21147502689715,2.14437335916149,2.40369911225017,0.121325551896783,1,2.25376324434085,2,0.5,20,0.5,0.15,121
0.859691303565293,2.52510037336381,0.866933999046163,2.73892692481996,1.2340980416422,2.20278117188375,1.52769267034343,1,2.27740601178464,2,0.5,20,0.5,0.15,122
1.07924898807141,1.81989348427585,1.35216447461859,2.16273661236396,1.92877689776203,1.63118103023505,-0.456242669935621,1,1.50232557955164,2,0.5,20,0.5,0.15,123
0.944145896963803,1.33812090989302,0.925277540388693,1.34209925327907,1.06461299704872,1.30235804978834,0.003765919846072,1,1.57048001595823,2,0.5,20,0.5,0.15,124
1.00211621409665,3.9531126928893,0.919336232009703,4.29942078748221,3.02690010892785,3.56586347101005,0.41638411209183,1,3.13188006462231,2,0.5,20,0.5,0.15,125
1.06986942373799,2.00773097342708,1.05311601695772,2.13094091816072,1.73773584563347,1.6938019125618,0.43685762739846,1,1.61130528039205,2,0.5,20,0.5,0.15,126
0.989330670003159,1.80230619072922,0.667914348579448,1.62957251758992,1.44962072498732,1.68468024835146,0.268183655867536,1,1.54399315784842,2,0.5,20,0.5,0.15,127
1.28575108211798,4.11634882008912,1.42701871962204,4.53638465346129,3.62889836748028,4.11474885549315,0.620558636877161,1,3.34080884090802,2,0.5,20,0.5,0.15,128
1.05764764386246,3.30832437788444,0.946247373713785,3.53954523780783,2.80596302751475,3.00960075245717,0.553868231377896,1,2.65626528106735,2,0.5,20,0.5,0.15,129
1.02867633068781,1.84217823659432,1.00751049892871,1.92208410687927,1.73756385708181,1.74536257651467,0.599599773618011,1,1.60515384049419,2,0.5,20,0.5,0.15,130
1.13802052665623,1.71473855606806,1.20026167696869,1.96452867793379,1.40575174830613,1.6410992006441,0.326344872932453,1,1.47233050946858,2,0.5,20,0.5,0.15,131
0.985182235823297,1.57591666869356,1.03140465466068,1.5835724222126,1.46581700510236,1.4134961050603,0.142109089364194,1,1.41181972933089,2,0.5,20,0.5,0.15,132
0.982349982622634,1.94329291460311,1.02259159558791,2.0248581507086,1.45196047495494,1.90757988144937,0.075864775830312,1,1.63117299498517,2,0.5,20,0.5,0.15,133
0.817981152344359,1.66930601807734,0.711514768563342,1.66991773282381,1.63056611658229,1.56171208717624,-0.015087421391157,1,1.53984877145674,2,0.5,20,0.5,0.15,134
1.03698525239148,3.43752168715294,1.04283802672518,3.62341558345063,2.66644153588885,2.99448403609563,0.461656824927935,1,2.66050602170906,2,0.5,20,0.5,0.15,135
1.06359369247718,2.28510941108952,1.10683368241996,2.30445723847951,1.86601800881501,2.08362468554564,0.168561381885064,1,1.95403523982625,2,0.5,20,0.5,0.15,136
0.981300402655716,3.05088727192083,1.02275598045711,3.27011047715057,2.29399129415903,2.70838126168982,0.133087181769842,1,2.41926545777924,2,0.5,20,0.5,0.15,137
0.930563364244071,2.7852747496764,0.983396972653128,2.9926567525256,2.35766694978871,2.29053278608401,0.237860007053575,1,2.38809107240801,2,0.5,20,0.5,0.15,138
0.897578865999905,3.8048995206117,0.765614231469015,4.13547069819992,3.15447251858119,3.49250515736233,0.538962495762979,1,3.1966827796606,2,0.5,20,0.5,0.15,139
0.996515604192031,3.64918284255906,1.12412291834901,3.76655215696183,2.3731332024748,3.13367522446434,1.0975337132807,1,2.56572685222526,2,0.5,20,0.5,0.15,140
1.05603319530198,1.24428919660868,0.914282584354219,1.12524589794179,1.31612465318552,1.07014510699015,0.0492531105885929,1,1.25345572691387,2,0.5,20,0.5,0.15,141
0.804313979476957,2.20926528658965,0.779665749283852,1.96396942629343,0.933643941096699,1.84874524814301,0.417194832635085,1,1.92414836619604,2,0.5,20,0.5,0.15,142
0.999736187041034,2.17956150953007,0.873091916167517,2.1727663127082,1.8564601768848,1.91560184153521,0.278178672492622,1,1.80199609002363,2,0.5,20,0.5,0.15,143
0.985579884884958,1.61802162123034,0.862585870831503,1.51052779442909,1.24211287402282,1.47690661003848,0.0298859016554188,1,1.42530693658294,2,0.5,20,0.5,0.15,144
1.14731554053353,1.72968033337322,1.07394535209208,1.6798537938349,1.76857091731784,1.59186946039339,-0.0726396607121035,1,1.40054810540564,2,0.5,20,0.5,0.15,145
0.68793105743838,3.22429247994509,0.621243707004777,3.25670530957815,2.48249893146335,3.31691219697407,0.626937952464506,1,2.67058159964562,2,0.5,20,0.5,0.15,146
1.02543342022321,2.31734692647049,1.33138929003267,3.01006816864581,1.99833596668096,2.23746513634846,0.155865566349745,1,1.81410213106109,2,0.5,20,0.5,0.15,147
0.942687972809742,3.01242506407495,1.00064894475891,3.5687403857803,2.39018833753921,3.14158224331252,0.636704667924079,1,2.67658318527121,2,0.5,20,0.5,0.15,148
1.11957428223311,3.29301434530028,1.24305840846625,2.864567793863,2.30314296043176,3.05762971740899,0.569735612248279,1,2.54007621649421,2,0.5,20,0.5,0.15,149
1.59367376694353,1.87903974272003,1.65787670077332,1.98105829926219,1.7197703145311,1.80879913474458,0.340539513466205,1,1.30980626168078,2,0.5,20,0.5,0.15,150
1.12902071726478,1.58318529929077,1.25102315855859,1.69084362935564,1.80564112499811,1.25716069393749,-0.248988234690889,1,1.30998871885061,2,0.5,20,0.5,0.15,151
0.848096065493041,1.37894782948737,0.988350158556947,1.51841071582835,1.41655912246397,1.41173295548083,0.0346349390582581,1,1.34728755110843,2,0.5,20,0.5,0.15,152
1.11344530458027,2.33609810975905,1.12829074375338,2.34793941658951,1.94184582865584,2.00910558393621,0.32244377213348,1,2.17480965468658,2,0.5,20,0.5,0.15,153
0.923060389054126,2.50211759283915,0.867391319893647,2.45532598836731,1.9568346058362,2.0221317982701,0.0955569399254755,1,2.09807203110953,2,0.5,20,0.5,0.15,154
0.958843628240018,2.1644442721297,1.0266422278367,2.50650310355823,1.67717734235838,1.80606791522354,0.215130430058493,1,1.81610865801339,2,0.5,20,0.5,0.15,155
0.955365676735098,2.12182158635261,1.02315987974782,2.27900160925191,1.74846725820397,1.90998928863833,0.287084152115707,1,2.07590538235274,2,0.5,20,0.5,0.15,156
0.949631994176021,2.18007193398344,1.17905833305837,2.43389516905739,1.85210421675358,1.97218958280349,0.321686073495561,1,1.87034334441416,2,0.5,20,0.5,0.15,157
0.478297560652245,1.62881976753072,0.173409307993674,1.68350937817527,1.10620795508613,1.17168606641507,0.531990043435035,1,1.92705447618045,2,0.5,20,0.5,0.15,158
0.873984749894107,1.85430332955026,0.511738177976968,1.99107764445735,1.55757419046694,1.75999516572847,0.140027231671602,1,1.85112425184447,2,0.5,20,0.5,0.15,159
1.05174267972076,1.42663039371505,0.857180747868747,1.29545700380174,1.28584315027424,1.36888772918059,0.125397910817928,1,1.34825024262352,2,0.5,20,0.5,0.15,160
0.906576668881754,1.21948882127291,0.945705646744084,1.2760729452168,1.11856880217473,1.13749667671107,0.201489680887285,1,1.43557824094077,2,0.5,20,0.5,0.15,161
1.06803131920611,2.8657398067828,1.35923191633071,3.17540219759585,2.39036016290192,2.69479239456035,0.0939473684859478,1,2.08198228676691,2,0.5,20,0.5,0.15,162
0.974002761959614,1.82149671588937,1.10214756505617,2.24660613293943,1.33430290443814,1.59413778788701,0.493877163170329,1,1.68240871627469,2,0.5,20,0.5,0.15,163
0.813003017313808,3.44612957339903,0.811327469815571,3.90495342785119,2.83316623194859,3.22989848999547,0.631646087926183,1,3.17471337601844,2,0.5,20,0.5,0.15,164
0.955156932630171,1.8320471412388,0.978237603062209,2.08394445711592,1.36014708143004,1.49569687605058,0.330471742258559,1,1.6595510485028,2,0.5,20,0.5,0.15,165
0.926510547592203,1.33828632065262,0.793372770391052,1.62754204387633,0.948591782949079,1.18099989803529,0.235379579637476,1,1.37705365381318,2,0.5,20,0.5,0.15,166
1.065738115893,2.55565102817706,0.9629776656929,2.53895709489118,2.65599529112712,2.43269820174531,-0.443498220354055,1,2.04655789861136,2,0.5,20,0.5,0.15,167
0.919693667875769,2.62027997422694,0.860682665526488,2.69766290189404,2.44399262575742,2.28972644269137,0.199350456978099,1,2.13558938520363,2,0.5,20,0.5,0.15,168
1.28785222975769,4.09144186689221,1.66923189756605,4.19044802278801,3.72732637043307,3.6867605422529,0.223016095000462,1,2.86589424218866,2,0.5,20,0.5,0.15,169
0.993180161713802,2.00493166356005,1.23920966321216,2.54080608787537,1.98223097724118,1.98791396802582,0.142120881452516,1,1.68130063342611,2,0.5,20,0.5,0.15,170
1.11870170451083,2.15613623425891,0.792665912490958,1.83499000279336,2.0192481602503,1.80547502084882,0.0758517181177445,1,1.93593745906075,2,0.5,20,0.5,0.15,171
0.967085542940981,3.06410022562991,0.952244404567852,3.25711263367014,2.3834503209813,2.84631818302553,0.535715674176083,1,2.45201932090275,2,0.5,20,0.5,0.15,172
0.978501701420994,4.1155269822309,1.01778393220834,3.87937902651871,3.5592068506644,3.7787804529593,0.348896929337638,1,3.18845138681806,2,0.5,20,0.5,0.15,173
0.949860652220015,1.66397297812209,1.04885077967141,1.8527886881882,1.40160764920947,1.2750217101629,0.268267507650107,1,1.48185142093622,2,0.5,20,0.5,0.15,174
1.19237800778014,2.06200361051446,1.16600265962571,2.09170593607199,2.00979397586312,2.05669215295869,0.0968406922945524,1,1.61237684440748,2,0.5,20,0.5,0.15,175
0.902189922343341,1.35789842692972,0.829444814577884,1.22659972783392,1.0952800518692,1.25818200650466,0.245905859058228,1,1.3742388676906,2,0.5,20,0.5,0.15,176
0.886987624896695,2.25177898951707,0.916837065702464,2.41984045591972,2.08789489727467,2.10952620990861,0.378782802056074,1,2.02853899190333,2,0.5,20,0.5,0.15,177
1.02223673796241,2.14275396918385,0.972645593467076,2.29139373203089,2.0608492919004,2.03783811218343,0.091785930227312,1,1.81905137589891,2,0.5,20,0.5,0.15,178
1.1290621482785,4.7222637786589,0.988178441018135,4.82430949161506,2.14905175023893,4.01713768479901,0.315012183549707,1,4.00310499171906,2,0.5,20,0.5,0.15,179
1.03335814382955,1.71121162290697,1.1875897300789,1.16110438944962,0.947271757164169,1.66703836368639,0.824368721788438,1,1.52739527671938,2,0.5,20,0.5,0.15,180
0.986367022607799,3.00692343477024,0.781780708136457,2.64845225604389,1.67425609135862,2.61136949720094,0.720318002394992,1,2.49020218256431,2,0.5,20,0.5,0.15,181
1.19093300417546,1.54230892946462,1.2359424477791,1.44949792573416,1.58862488966483,1.52765529191753,0.0461165722775313,1,1.26901136764696,2,0.5,20,0.5,0.15,182
1.00604528360166,2.55558628234453,0.888160736369618,2.47560674287698,2.80914368923553,2.47842475347229,-0.4180811276733,1,2.16289311636367,2,0.5,20,0.5,0.15,183
0.946224960724297,2.07772316407635,1.01809339076072,2.32319164188955,1.67768401406276,1.77238973431328,0.354998695972588,1,1.90765796522836,2,0.5,20,0.5,0.15,184
1.06474048940681,2.3698303066683,1.22009797334542,2.81335509714829,2.48659037040183,2.09692042280218,-0.175039720440837,1,1.83062098419898,2,0.5,20,0.5,0.15,185
1.0651485229454,1.80804260123994,1.11542295825215,1.85732736195235,1.30484970626135,1.73290521802687,0.232824116405711,1,1.57024805173339,2,0.5,20,0.5,0.15,186
1.21690730348247,1.80863049797645,1.18155937584341,1.8963636924411,1.88841469717797,1.60159760887095,-0.133199856272588,1,1.45118890035147,2,0.5,20,0.5,0.15,187
1.06036959438434,2.40238844380595,0.935873109602831,2.94200938296394,2.00038957866749,2.15677391334538,0.229865164965454,1,2.53914284718412,2,0.5,20,0.5,0.15,188
1.21412725231537,6.64180523761669,1.15869584643947,7.84272080941849,5.28206861507012,6.30544626475382,1.50056357925717,1,5.73208555831354,2,0.5,20,0.5,0.15,189
1.12227206593131,2.49888902984726,0.974899413621169,2.37439423817054,2.38792296828741,2.17870621144542,0.00633963722258435,1,2.09205768190728,2,0.5,20,0.5,0.15,190
0.944072876275117,2.36152048167321,0.699856289783725,2.27535642733099,1.89285781661295,2.10423852266515,0.158165653135234,1,2.02392735574612,2,0.5,20,0.5,0.15,191
1.02526737776438,3.77804103165699,0.923830364751126,4.07887226247943,3.00637629669097,3.39634878116824,0.0525133365751025,1,2.90801579559033,2,0.5,20,0.5,0.15,192
1.23580560471363,2.31432472891392,1.35329243422468,2.28781073575627,1.99587067745542,1.97932997858823,-0.0562117947944394,1,1.88670916233832,2,0.5,20,0.5,0.15,193
1.08036912471348,2.78735731405154,0.729971971124722,2.38944453830668,2.51344061582326,2.64298617733423,0.318420982655763,1,2.10505116087367,2,0.5,20,0.5,0.15,194
1.06117193974273,1.51748472333992,1.04412331576898,1.37726843524045,1.62180553435322,1.5283014886619,-0.0223506361637144,1,1.30118635091759,2,0.5,20,0.5,0.15,195
1.0087950054803,2.42502921281906,1.04119926608095,2.89586228234437,1.73313315037708,2.306293267757,1.01378110954659,1,2.42385763298877,2,0.5,20,0.5,0.15,196
1.04898918604948,1.90838866355792,1.03342767016211,2.01244348857767,1.81289868999799,1.71019136357969,0.0498534934571709,1,1.51263660824329,2,0.5,20,0.5,0.15,197
1.03591182942478,1.77591504125388,1.05697306108505,1.63041398153859,1.676216029864,1.55786045393136,-0.12157158288451,1,1.64944102764201,2,0.5,20,0.5,0.15,198
0.95133921432085,1.84140278254227,0.809697152439523,1.7416497294021,1.84340018377368,1.66255997757874,0.220048421538115,1,1.62195608728912,2,0.5,20,0.5,0.15,199
1.03931237842024,1.78619374782861,1.12477080496087,1.96005065111944,1.66717346767269,1.69549800165536,-0.00914745722129218,1,1.43714324039757,2,0.5,20,0.5,0.15,200
0.882735204303635,5.50630642873384,0.766954889324133,6.43289338073799,3.40523760805818,4.82501453996929,1.62561943557334,1,4.09897800020376,3,1,20,0.5,0.15,1
1.00951407924876,1.43017373368621,0.936229013005576,1.88195325718975,1.09603221638709,1.39438075532394,0.181913058668152,1,1.79738289789036,3,1,20,0.5,0.15,2
1.04754358703181,2.24590353301021,1.07866898021445,2.73591882355757,2.0282207065496,2.29676044019798,0.0673062630532715,1,1.70237609908682,3,1,20,0.5,0.15,3
1.18267670897197,1.54540079810891,1.11414637418968,1.7714512551312,1.36827046125877,1.29560591113058,-0.0311140136874283,1,1.37259549073274,3,1,20,0.5,0.15,4
1.16063228089408,3.21332700663554,1.48349195248095,3.87225064641065,2.63757679298538,2.74865305921011,0.28146196420555,1,2.07620204395668,3,1,20,0.5,0.15,5
0.933837883160129,1.74372122178319,0.989763702967565,2.06981171547634,0.923074894037507,1.30262190408881,0.425029389163686,1,1.534284891176,3,1,20,0.5,0.15,6
0.948401832518734,2.18103426495458,0.9431114358106,2.41869226338398,1.4570230332258,1.87897283507994,0.528154591659334,1,1.79085331376996,3,1,20,0.5,0.15,7
1.15575173662116,2.21161982659959,1.37262429057446,2.57903700243141,1.91296802017304,2.08358438010693,0.232463190283866,1,1.59860035300324,3,1,20,0.5,0.15,8
0.937768505437463,2.24510658507,0.97180598204312,2.67836034817437,1.51715145909306,1.84709320343261,0.806841323460209,1,1.94752200645941,3,1,20,0.5,0.15,9
0.904662722495848,2.23622081504623,0.938118689855245,2.49413045486246,1.74805470821936,1.62219083772101,0.332610107292214,1,2.00023424885189,3,1,20,0.5,0.15,10
1.01871013081701,1.84966896391444,1.07829135711936,2.01471606657068,1.27693240892899,1.52082540216119,0.512181625984769,1,1.54622680714423,3,1,20,0.5,0.15,11
1.01069124910006,8.15780203944141,1.02869404771368,9.03479613759873,6.36274693453408,7.24160637048981,0.843883900349013,1,4.74306493528365,3,1,20,0.5,0.15,12
1.24542324614219,2.40515632320347,1.15910687337463,2.50928259321804,2.4142478572772,2.13009894819295,0.0854211032846354,1,1.54212599566099,3,1,20,0.5,0.15,13
0.876702619345958,1.25997902139033,0.923428051805228,1.40883100438121,1.20952959601678,0.916330258205656,0.126036179846667,1,1.30135231947153,3,1,20,0.5,0.15,14
1.04377677680205,1.62843857297545,1.1039968130691,1.77612631383095,1.59500402858369,1.61119025678977,0.257277442625361,1,1.4235815585589,3,1,20,0.5,0.15,15
1.12020114796152,1.96071023273366,1.302337094435,1.98749094187533,1.71617674929443,2.06978796543069,0.073531319813085,1,1.42615860332722,3,1,20,0.5,0.15,16
0.840167333452346,1.80299988778092,0.995274208058121,2.19966756109596,0.930815751141133,2.04187795220511,0.19328993141421,1,1.47782849929282,3,1,20,0.5,0.15,17
1.10050716005752,1.98264395846345,1.26325900390738,2.41591098579647,1.28303030027359,1.38743268870018,0.2718681776407,1,2.14996984059751,3,1,20,0.5,0.15,18
0.976489035173028,4.48062954574319,0.996459910801459,4.48947223246191,2.49679119486143,4.196135976822,1.22922478202007,1,2.76102580135139,3,1,20,0.5,0.15,19
0.858123668500471,1.64232558019161,0.77031386357477,1.70703029788071,1.57085619477857,1.32371784769841,0.137141100498674,1,1.47035106806905,3,1,20,0.5,0.15,20
0.969244135100618,2.29570673103719,0.876601529952127,2.65245596801078,1.88518648278643,1.78640990883271,0.244626227642129,1,1.92985313304373,3,1,20,0.5,0.15,21
1.05616618535782,3.37410996042834,0.938407249065105,3.6955827872249,2.73043319935986,3.11371323341726,0.712309027526414,1,2.33483131435582,3,1,20,0.5,0.15,22
0.915920519227235,2.3384675860528,0.878043860834461,2.33358900570125,1.73289400057917,1.91246170886091,0.469514527072359,1,1.8043585333989,3,1,20,0.5,0.15,23
1.13611085713785,5.80391276356894,1.25938750281899,6.68938235698105,3.85544241222577,5.52115397456199,1.81958422350781,1,3.63270399448204,3,1,20,0.5,0.15,24
1.11774346001102,1.44742933809975,1.11284091689133,1.61399958511414,1.44167734826389,0.748437599580578,0.0575636445998546,1,1.25912365210085,3,1,20,0.5,0.15,25
0.943714430555072,1.91984869359841,0.943043083594512,2.03977270314756,1.43992010693326,1.72675397741651,0.220664011207779,1,1.56921071913661,3,1,20,0.5,0.15,26
0.922010867653738,2.1575831386139,0.922145023264355,2.28068627939528,1.74898092048385,1.58234039285876,0.876721353166361,1,1.7199127052492,3,1,20,0.5,0.15,27
1.24580579002769,2.42121504746722,1.17745994537428,2.7928303817393,2.22730228920089,1.93321774873224,0.232248606476944,1,1.79214857718873,3,1,20,0.5,0.15,28
1.01095171505867,1.62609835661355,0.983054303706309,1.73647301419444,1.58130658486043,1.51015706530301,-0.059694088792408,1,1.38140985176584,3,1,20,0.5,0.15,29
0.888484681639982,1.47172975936081,1.00517256240638,1.65444607923706,1.30856605812921,1.40583548205006,0.14577606477163,1,1.28280822596994,3,1,20,0.5,0.15,30
1.15833708432463,2.49696806957524,1.08182554755511,2.93688330566066,1.84499700687737,2.11275676747073,0.788049431287586,1,1.87471804143493,3,1,20,0.5,0.15,31
0.822288944743256,2.02210357031154,1.01690876431994,2.63629657610653,1.65512597248505,1.67626316363857,-0.111534868986184,1,1.74685760320104,3,1,20,0.5,0.15,32
0.804101885640614,2.40418668084296,0.58918077741043,2.35600291886825,1.74447883061617,1.99393788401439,0.663495103859168,1,1.99545391545643,3,1,20,0.5,0.15,33
1.13469098500238,2.49752973224531,0.959888207833491,2.6777477197635,2.17443445139778,2.21699988889614,0.347204539103613,1,1.78687780335143,3,1,20,0.5,0.15,34
1.01481512775461,3.19037683606779,0.984759724345689,3.29014914480017,2.43170120277737,2.97770003315839,0.203029628314832,1,2.01503300635131,3,1,20,0.5,0.15,35
0.850663839474699,6.64435729079593,0.822060972271226,6.86091143047744,3.7001894871125,5.65569592261216,1.02204995512852,1,3.75660746567185,3,1,20,0.5,0.15,36
1.27885935364642,3.18425616573562,1.35027855739549,3.62780613052969,2.41664167108832,2.90169308828387,0.523479379249994,1,2.01206319569976,3,1,20,0.5,0.15,37
0.674986169758159,1.09088847881149,0.641856921653406,1.21038711790539,0.592123148084512,0.937832002410691,0.294692391006744,1,1.32906957674301,3,1,20,0.5,0.15,38
0.965563865796607,1.67634365336567,0.911123604869442,1.72776594046381,1.58811107073118,1.73437588317017,0.0619510396524411,1,1.4648345672005,3,1,20,0.5,0.15,39
0.964335865842239,1.92857697720303,0.788602925467865,1.77525384418084,1.54056220541595,1.85566978552834,0.235467729437077,1,1.56218064763835,3,1,20,0.5,0.15,40
1.14606332731553,2.87578521406691,1.19723131209453,3.40475815153192,2.05161732174034,1.99040387074309,0.645471861414848,1,2.22155472490073,3,1,20,0.5,0.15,41
0.972197261314762,2.96001059601021,0.945312393943618,3.49819232237424,2.29199119677427,2.74898017793898,0.729578436581451,1,2.31517733844399,3,1,20,0.5,0.15,42
0.86362415867341,1.81612416130512,0.864560152552503,1.88632102051666,1.591329232147,1.35096916687251,0.187002956761945,1,1.54162039203723,3,1,20,0.5,0.15,43
0.992239768787529,1.55708107531501,0.941472502767414,1.56549433101115,0.884735221267469,0.75037480326819,0.408095547800765,1,1.38923512670778,3,1,20,0.5,0.15,44
0.953942512616123,3.99463656082051,0.838640349236137,3.58622585587771,2.75059747445179,3.43580644778676,0.813510049575666,1,2.27575866211353,3,1,20,0.5,0.15,45
1.62026438767777,2.29293322699764,1.62688530269114,2.83343862307018,1.87900264362538,2.42268563854076,0.398274994146759,1,1.66093096163141,3,1,20,0.5,0.15,46
1.03697504101005,2.40873827288025,1.15722306886767,2.92392783525005,1.71946325522481,2.16416551888353,0.345612746363582,1,1.83382728961899,3,1,20,0.5,0.15,47
1.07955128272988,4.68046380116117,0.837873621072199,4.51907589600895,3.98687554176587,3.9757064774628,-0.257864253582735,1,3.0271886232031,3,1,20,0.5,0.15,48
1.11437136991291,1.85723080617418,1.13282504086157,1.98967596531935,1.68881558433938,1.27890138515585,0.255094367484633,1,1.41840288160595,3,1,20,0.5,0.15,49
0.911635533897617,9.63360215836062,1.00433628199287,11.6879918879229,6.99877940278614,8.5209908415268,1.25547296515897,1,6.38192353822572,3,1,20,0.5,0.15,50
1.05364337760899,3.56717291912487,1.22999253332664,4.22341081471789,2.57803685078344,3.01399086628162,0.946698584577543,1,2.45887619748525,3,1,20,0.5,0.15,51
0.804802772069371,1.54405179972874,0.96573670829834,1.88203023168346,0.894733719326044,1.28793408855411,0.0717597551291685,1,1.4691918058523,3,1,20,0.5,0.15,52
1.06937335443498,2.59493063988411,0.989579926815983,2.69279154825933,2.46676025132927,2.10968075914046,-0.338522044054434,1,1.79722351290164,3,1,20,0.5,0.15,53
0.906428394486622,1.83524933023107,0.700676329542313,1.76515695923713,1.68456431009782,1.67866853682456,0.139140061955586,1,1.51066270652389,3,1,20,0.5,0.15,54
0.787659857076711,2.61611157002892,0.278382316324479,2.32316166375316,2.27737338333676,2.4109653019671,-0.194509303065797,1,2.26257827557271,3,1,20,0.5,0.15,55
1.04440431831169,2.81910164787254,0.94632050485805,2.93057452740835,1.83892561794719,2.3961864328035,1.05805785798619,1,2.08805178750165,3,1,20,0.5,0.15,56
1.03243488374563,2.28382496578194,0.619354748760179,2.57648955947605,1.71583869974392,1.98984737747927,0.342953604775306,1,1.93254402658908,3,1,20,0.5,0.15,57
1.08939458112973,1.98504129004329,0.971211774993737,2.20360655472443,1.61568894583285,1.4242346129904,0.588564274091099,1,1.7374519360263,3,1,20,0.5,0.15,58
1.03408858850866,2.70437483902368,1.12784272040664,2.73158585365584,2.34397192419943,1.98904890377249,0.226570215247471,1,1.71889893362321,3,1,20,0.5,0.15,59
1.0954250624104,1.95245025038373,1.2764658945797,2.38888340459152,1.19719802550473,1.37678803679286,0.659897728586218,1,1.69138904702114,3,1,20,0.5,0.15,60
1.34022496821248,3.0476063803986,1.18016232690278,3.12155182327633,2.79238873716058,2.72286495744026,0.357655683846384,1,1.99723298895351,3,1,20,0.5,0.15,61
0.865605421248319,1.50742511006164,0.721080641219851,1.45797938765309,1.31081605248408,1.09338756773737,0.147595896820826,1,1.44641909466822,3,1,20,0.5,0.15,62
0.962609062089528,3.57526557004426,1.35068634284583,3.92218703283448,3.41310058170502,3.03796519626927,0.153578638747378,1,2.28002553324418,3,1,20,0.5,0.15,63
0.852572447872278,1.63191519729925,0.82838266556198,1.88247191785369,1.4975762576002,1.64942838704972,0.0846228064939689,1,1.42361834422377,3,1,20,0.5,0.15,64
0.611561659077528,2.1913982098489,0.686888870308601,2.46231519209113,1.71446377537473,2.10778662632233,0.120643684747573,1,1.93257663198651,3,1,20,0.5,0.15,65
0.796678426097688,3.88397860783625,1.22950866831557,4.84605514141956,3.01545713255926,3.04871079021923,0.712428398246299,1,2.13520708139593,3,1,20,0.5,0.15,66
0.961757771399595,3.58274147042216,0.863150279680763,4.00659427869051,2.24770982355775,3.00912468837756,0.574114641775484,1,2.55380257003694,3,1,20,0.5,0.15,67
0.882144077027967,2.42590609734958,1.11443719990147,3.37514299312649,1.85377261585927,1.86134321350311,0.669350479257722,1,2.11018404570489,3,1,20,0.5,0.15,68
0.866772137812656,2.8062951912675,0.971454788144852,2.98285719651032,2.04666953959383,2.07211417933806,0.460948795284285,1,2.15618125111099,3,1,20,0.5,0.15,69
0.768304820689064,3.93811404891584,0.709087992623764,4.83280970900818,2.54716952358189,3.09142445666593,1.68904210379803,1,3.18489603724554,3,1,20,0.5,0.15,70
0.924539846590076,2.6774967233358,0.908792904464755,3.79316461552566,1.84864581817897,2.35262252870867,0.880248968501536,1,2.37787008227313,3,1,20,0.5,0.15,71
0.824201129615258,1.930526779833,0.433227912230166,2.0152312552556,1.63446666548684,1.32641700732438,0.804777109971907,1,1.69964023838533,3,1,20,0.5,0.15,72
1.21954271335236,4.70741616758138,1.21810763880797,5.49220659214911,3.8425001595989,4.35646589388032,0.80896939569381,1,3.08329570465535,3,1,20,0.5,0.15,73
0.897687582877607,1.72482238812723,1.04951232252097,2.01824633308833,1.30750560624317,1.56524097594275,0.254170660120345,1,1.50807735434297,3,1,20,0.5,0.15,74
1.08634425073724,1.78293679205754,1.11496454927245,1.95133559623049,1.50709538011842,1.81573928305844,-0.023447872522851,1,1.46520033518905,3,1,20,0.5,0.15,75
1.0377795837475,2.38939378508161,0.956202547408584,2.53285074102034,2.32267251403134,2.15641252556747,0.0839599329493178,1,1.91246186445371,3,1,20,0.5,0.15,76
0.809806192957373,1.65189756345767,0.759488093174619,1.78523107306776,1.6050698815058,1.14619719826497,0.030375250301075,1,1.49074192776351,3,1,20,0.5,0.15,77
1.03803480670434,1.33274634532149,1.68381182882168,2.42892085286757,0.773937273358078,1.06412001074275,0.760515159626044,1,1.26075047444086,3,1,20,0.5,0.15,78
1.07203751246992,2.78754100558726,0.886446210128004,4.20369068814455,1.94855956784521,2.4919196820769,0.743943023878916,1,2.35327723139928,3,1,20,0.5,0.15,79
1.21008392998469,2.01433910176667,1.09113732940788,2.07323151357626,2.00295611371322,1.80580818355813,0.160525334981325,1,1.57607428119092,3,1,20,0.5,0.15,80
1.09829289942561,1.95617116759767,1.00870327004857,2.0509883403543,1.78414318338828,1.59830896081562,0.0116175994589324,1,1.59550158627131,3,1,20,0.5,0.15,81
0.98252293768676,3.05548050977165,1.11512601479178,3.59236966455387,2.16035836314474,2.81073227496281,0.561987625946701,1,2.32688968238611,3,1,20,0.5,0.15,82
1.16794545130005,2.59635316140285,1.19103409915306,2.8714603290426,2.48455505951426,2.33916452386377,0.0369476788922762,1,1.7586337754574,3,1,20,0.5,0.15,83
1.20916597266233,3.58020380707282,1.11032260116488,3.18955777359517,2.34571395399819,3.18008132416281,0.614866991966057,1,2.2271748181728,3,1,20,0.5,0.15,84
1.16233544423932,3.25395171464453,1.15776616912431,2.7517424048521,0.409224630190988,1.93970268562203,1.76504025955069,1,1.94439881558253,3,1,20,0.5,0.15,85
0.99021116729698,1.28738360737215,1.39128923851919,1.84994837243362,1.37295438703493,1.49208338873244,0.61209263216117,1,1.20761469722569,3,1,20,0.5,0.15,86
0.913259567405583,1.47304745265986,0.997276899128819,1.77425378409568,1.13124135610359,1.2647850230829,-0.0124725370941101,1,1.47736910305041,3,1,20,0.5,0.15,87
1.09452308694092,1.77169681766582,1.01060575304556,2.02490415681536,1.46442724096617,1.39051314020139,0.242956601958836,1,1.45459081608715,3,1,20,0.5,0.15,88
1.10950585349371,1.20067937591344,1.1809244334737,1.36943316268203,1.02482382678302,1.0535584502909,0.172416109265747,1,1.14374758350313,3,1,20,0.5,0.15,89
0.886788116724097,1.67254849580366,0.99489645046698,1.79534770623139,1.59887404676897,1.61290980394038,-0.0693059730414443,1,1.44944928455731,3,1,20,0.5,0.15,90
0.987740893837532,1.69568865593939,1.04648746320307,1.67721841038527,1.25669792440832,1.65311062950214,0.225759109928096,1,1.3920558591009,3,1,20,0.5,0.15,91
1.06164715680248,2.74433099936295,1.11592096382275,3.07902090085158,1.92348317249453,2.47417322245161,0.321362740018822,1,2.05922538786251,3,1,20,0.5,0.15,92
1.1924615020198,1.9561034281407,1.24228251833438,2.64878139308779,1.62761704598521,1.83565075051331,0.284851078835966,1,1.48331932665792,3,1,20,0.5,0.15,93
1.08252528143484,4.35685645770938,0.879080726174532,5.52181879102994,3.37371610088082,4.06969422708482,1.39233452201959,1,3.24005300261284,3,1,20,0.5,0.15,94
1.00870975979901,2.455135411394,1.09073348585738,2.5263570568277,2.36699101068506,1.82789690632457,-0.212883390165701,1,1.67640420088694,3,1,20,0.5,0.15,95
1.2955357542053,3.92361678627101,1.39923751547331,4.49896054903689,3.08185223787827,3.44417105338988,0.610230426422037,1,2.81923073193483,3,1,20,0.5,0.15,96
0.920281760811344,2.26714305519899,1.0682721130677,3.26754837343142,1.72437025262441,2.11492282006628,0.660992482955352,1,2.05135419041042,3,1,20,0.5,0.15,97
0.955799552946518,3.55410431663969,0.968733364392577,4.78992250214555,2.32728319376676,3.21150022606228,0.889081411595422,1,2.75510009699248,3,1,20,0.5,0.15,98
1.13305362828,2.76144010353893,1.32016385885203,3.0701508754168,2.08581220127773,2.62737232696439,0.497197253500792,1,1.88304328054696,3,1,20,0.5,0.15,99
0.742709593935276,2.84614219336829,0.711784441101243,3.48982106242609,1.86315790132947,2.65702618950921,0.382683514728277,1,2.33041271834605,3,1,20,0.5,0.15,100
0.733283700629387,2.0820340541836,0.544696755304325,2.32360247986683,1.51679175434398,1.81312444644937,0.495445401929314,1,1.98651183635564,3,1,20,0.5,0.15,101
0.92472292171352,2.57623495545905,0.887075289394656,2.50468714274782,2.43485161765248,2.39687153811912,0.24369614760658,1,1.84877475033655,3,1,20,0.5,0.15,102
1.07068644278108,2.05537724671717,1.2462068869858,2.54722088107406,1.62672691618819,1.98577607057539,0.477844352200218,1,1.55466108726634,3,1,20,0.5,0.15,103
0.753037132345067,2.7815037312562,0.915626121860532,3.43252720166007,1.63555075587103,2.26846563661968,1.44065320205165,1,2.22608941624304,3,1,20,0.5,0.15,104
0.817768631565628,2.32836403270156,0.795018916681514,3.07987270488434,1.63122045817056,2.06662146732275,0.739596984187154,1,2.17304546625781,3,1,20,0.5,0.15,105
1.02528733137089,4.30349708785845,0.950931575559764,4.32870852847451,3.11986302721355,3.79158959062994,0.800711327047135,1,2.55064657195655,3,1,20,0.5,0.15,106
0.983432664395589,2.1152343328767,1.1558523689125,2.46945422194159,0.768956216481668,1.1682853626609,0.963732519866965,1,1.76028697639863,3,1,20,0.5,0.15,107
1.09281826546055,1.78396903523885,1.10693171810034,2.06430836519962,1.53378409532614,1.48835496436487,0.638970430083387,1,1.45113337178716,3,1,20,0.5,0.15,108
1.22009883000051,2.43726968985563,1.42287006868019,4.13904691184603,2.10412206548533,2.50240984221732,0.559640508268257,1,2.01622640464796,3,1,20,0.5,0.15,109
0.945451633468808,1.90747679579407,1.13931202881708,2.42198816369368,1.42484640676218,1.55919572932086,0.553002045008985,1,1.67082096249358,3,1,20,0.5,0.15,110
1.2282727247609,2.1666494064466,1.28498428157566,2.79991161357788,1.53203066321605,1.10553655186427,1.93170731131239,1,1.80522660827821,3,1,20,0.5,0.15,111
0.914543142209805,2.81918203797651,0.839581741374968,3.40020902989133,2.37133716827014,2.35231860127741,0.245363698163453,1,2.14317954909545,3,1,20,0.5,0.15,112
1.49220216024378,3.53870696834931,1.51653289051765,3.81976424993217,3.14932905952326,3.47104247153613,0.456186784830209,1,1.62253239849597,3,1,20,0.5,0.15,113
1.07226395758043,1.77368211360066,1.073501309105,1.86215245442829,1.60846142333957,1.67644368989592,0.0673277555681679,1,1.36297617366112,3,1,20,0.5,0.15,114
0.920768021391471,1.78548222437214,0.537455733974331,1.51665168798419,1.40213807411981,1.36772185635237,-0.203527817896413,1,1.68202392170594,3,1,20,0.5,0.15,115
1.02493425119947,1.67266945557928,1.03509503125968,1.80903556916248,0.715878433717911,1.26662933699506,0.325189994894226,1,1.41807591788815,3,1,20,0.5,0.15,116
0.896920481310729,2.58605437799817,0.865793708914449,2.53334346584432,1.25104917545689,1.80585037429257,0.594754046572571,1,1.89989051182134,3,1,20,0.5,0.15,117
0.83003840567434,1.62485861760075,0.834392516447178,1.78212043330483,1.46955348910656,1.29893876182646,-0.22716150248283,1,1.44242347698885,3,1,20,0.5,0.15,118
1.03697398598794,2.1107593837727,0.857788686260621,2.25233240355414,2.01539134888758,1.79026803413584,0.245137107367256,1,1.68781254222004,3,1,20,0.5,0.15,119
0.96007822560968,2.01293049363557,0.60785748695455,1.87041036850716,1.70986802116871,1.8765351732905,0.0343592429322834,1,1.88006236002079,3,1,20,0.5,0.15,120
0.833629920441005,2.80782943979669,0.837384682076681,2.83835664906757,2.14437335916149,2.66532520822079,0.434486766785966,1,2.25376324434085,3,1,20,0.5,0.15,121
0.849452684094277,2.96982684949522,0.866933999046163,3.37762993071228,1.2340980416422,2.22749939875173,1.75994360711635,1,2.27740601178464,3,1,20,0.5,0.15,122
1.14791891979667,2.02175960071883,1.35216447461859,2.41389940213978,1.92877689776203,1.85421168720329,-0.33873387536191,1,1.50232557955164,3,1,20,0.5,0.15,123
0.904367409246755,1.38146625712421,0.925277540388694,1.62733926125818,1.06461299704872,1.39940260745949,0.0373733978754306,1,1.57048001595823,3,1,20,0.5,0.15,124
1.04742663661044,4.53362172325389,0.919336232009704,5.36536081979336,3.02690010892785,3.7040159258461,0.829469700731128,1,3.13188006462231,3,1,20,0.5,0.15,125
0.997182880934625,2.21864171102308,1.05311601695772,2.43659355835674,1.73773584563347,1.73034529217286,0.475582880626879,1,1.61130528039205,3,1,20,0.5,0.15,126
0.968803275684237,1.97735035699793,0.667914348579447,1.90156909651413,1.44962072498732,1.73748143898255,0.399809252653256,1,1.54399315784842,3,1,20,0.5,0.15,127
1.27739184317566,4.63666000890108,1.42701871962204,5.7067890739153,3.62889836748028,4.28045640126938,1.34028108138188,1,3.34080884090802,3,1,20,0.5,0.15,128
1.08021481363358,3.81018853001964,0.946247373713785,4.36767787834151,2.80596302751475,3.23581863203403,0.756741385098252,1,2.65626528106735,3,1,20,0.5,0.15,129
1.06095801465758,2.03168084623516,1.00751049892871,2.22466102712636,1.73756385708181,1.69397915518294,0.745778230248899,1,1.60515384049419,3,1,20,0.5,0.15,130
1.13166293609581,1.76913760785256,1.20026167696869,2.20069393266808,1.40575174830613,1.54893381473206,0.406476897518647,1,1.47233050946858,3,1,20,0.5,0.15,131
1.02649084505269,1.73679187786384,1.03140465466068,1.78948228687804,1.46581700510236,1.50007898222751,0.248276583288865,1,1.41181972933089,3,1,20,0.5,0.15,132
0.980838855892256,2.18415000814539,1.02259159558791,2.34044464820118,1.45196047495494,2.12389395025225,0.154366421690626,1,1.63117299498517,3,1,20,0.5,0.15,133
0.848917737918095,1.85425225970167,0.711514768563343,1.93984211855219,1.63056611658229,1.61263812155258,0.14045704287729,1,1.53984877145674,3,1,20,0.5,0.15,134
1.04857289075806,4.09530942327568,1.04283802672518,4.45366859430516,2.66644153588885,3.19334181003723,0.787716446895917,1,2.66050602170906,3,1,20,0.5,0.15,135
1.0847106349213,2.48109664552703,1.10683368241996,2.78147485839264,1.86601800881501,2.15938606284009,0.330924533051929,1,1.95403523982625,3,1,20,0.5,0.15,136
1.00836858199902,3.19201651429227,1.02275598045711,3.97974320604019,2.29399129415902,2.65913385409768,0.243931744762706,1,2.41926545777924,3,1,20,0.5,0.15,137
0.901122828436472,2.91689916874614,0.983396972653127,3.68670228872961,2.35766694978871,2.22015772263178,0.389943655549015,1,2.38809107240801,3,1,20,0.5,0.15,138
0.907402912968187,3.98900735500798,0.765614231469015,5.23381208803022,3.15447251858119,3.33724614445984,0.75749594661101,1,3.1966827796606,3,1,20,0.5,0.15,139
0.908846798327789,3.97734671194833,1.12412291834901,4.54941558307446,2.3731332024748,2.93048804880758,1.40790445825085,1,2.56572685222526,3,1,20,0.5,0.15,140
1.07601600376119,1.32804605860105,0.91428258435422,1.25197376139872,1.31612465318552,1.05381915346016,0.139890222466907,1,1.25345572691387,3,1,20,0.5,0.15,141
0.733475344273102,2.52086147364454,0.779665749283851,2.42604360939145,0.933643941096697,1.86662699757564,0.551290395905226,1,1.92414836619604,3,1,20,0.5,0.15,142
0.921811835782623,2.31058660551641,0.873091916167516,2.57376435772002,1.8564601768848,1.88596982470101,0.468581480752646,1,1.80199609002363,3,1,20,0.5,0.15,143
0.975683160447567,1.74092171627666,0.862585870831503,1.72318126272056,1.24211287402282,1.4705726169201,0.114539806527824,1,1.42530693658294,3,1,20,0.5,0.15,144
1.17200946385003,1.83814550648081,1.07394535209208,1.88012784653772,1.76857091731784,1.5802528590435,-0.0109545384650962,1,1.40054810540564,3,1,20,0.5,0.15,145
0.699872124341612,3.60522038171765,0.621243707004778,4.09199610940096,2.48249893146335,3.53595045396579,0.98468347786925,1,2.67058159964562,3,1,20,0.5,0.15,146
1.02452872042208,2.58566050944989,1.33138929003267,3.41711923417636,1.99833596668096,2.40487740508173,0.339848122095283,1,1.81410213106109,3,1,20,0.5,0.15,147
0.921046371289075,3.2782199267238,1.00064894475891,4.4070319784159,2.39018833753921,3.24285803056143,0.951021008746042,1,2.67658318527121,3,1,20,0.5,0.15,148
1.13249351513723,3.75915070189628,1.24305840846625,3.63460590211011,2.30314296043176,3.31133372667076,1.04875531321236,1,2.54007621649421,3,1,20,0.5,0.15,149
1.55353560246709,1.88120937941014,1.65787670077332,2.13596143010258,1.7197703145311,1.89663240129757,0.472712997422771,1,1.30980626168078,3,1,20,0.5,0.15,150
1.15380892608993,1.72755619493993,1.25102315855859,1.84583798878094,1.80564112499811,1.15239371106541,-0.149014251752946,1,1.30998871885061,3,1,20,0.5,0.15,151
0.864651979625457,1.49570365633643,0.988350158556946,1.69205449138257,1.41655912246397,1.51582673232381,0.177287233827923,1,1.34728755110843,3,1,20,0.5,0.15,152
1.10163167460504,2.62030282531427,1.12829074375338,2.9353442439328,1.94184582865583,2.15607834000542,0.582971452901662,1,2.17480965468658,3,1,20,0.5,0.15,153
0.909942943406964,2.86734144687145,0.867391319893647,3.00436200392208,1.9568346058362,2.07296461066278,0.296094975918846,1,2.09807203110953,3,1,20,0.5,0.15,154
0.938684273221371,2.15190858384683,1.0266422278367,2.91455743256492,1.67717734235838,1.7836103273393,0.296424653504482,1,1.81610865801339,3,1,20,0.5,0.15,155
0.94897876727354,2.41511443689792,1.02315987974781,2.81695430042828,1.74846725820396,2.03703953720911,0.546259870290829,1,2.07590538235274,3,1,20,0.5,0.15,156
0.943628710483761,2.31383466340656,1.17905833305837,2.86906684126448,1.85210421675358,2.04127166818481,0.513416718379059,1,1.87034334441416,3,1,20,0.5,0.15,157
0.451511245594888,1.72627959824692,0.173409307993672,2.1470366162655,1.10620795508613,1.13690604599803,0.767081596229151,1,1.92705447618045,3,1,20,0.5,0.15,158
0.893643445151874,2.02075279077052,0.511738177976968,2.41663977037959,1.55757419046694,1.83283440935777,0.315403976376181,1,1.85112425184447,3,1,20,0.5,0.15,159
1.05251618036336,1.46348047375004,0.857180747868748,1.46958212511349,1.28584315027424,1.43153981290896,0.168213355975417,1,1.34825024262352,3,1,20,0.5,0.15,160
0.910559218262423,1.31633506515532,0.945705646744085,1.49386206568719,1.11856880217473,1.07805387682317,0.364976012291897,1,1.43557824094077,3,1,20,0.5,0.15,161
1.05507525141998,3.20844541450707,1.35923191633071,3.71639334097931,2.39036016290192,2.94582610059105,0.228967818657476,1,2.08198228676691,3,1,20,0.5,0.15,162
0.956609046049882,1.94690305167246,1.10214756505617,2.58781049107677,1.33430290443814,1.58821352330642,0.708467150796372,1,1.68240871627469,3,1,20,0.5,0.15,163
0.802815803649888,3.64058657389203,0.811327469815571,4.99231011586041,2.83316623194859,3.26867687962107,0.992731485082848,1,3.17471337601844,3,1,20,0.5,0.15,164
0.95141980071476,1.94027604561803,0.978237603062209,2.41371998136732,1.36014708143004,1.46239943910888,0.47775716605341,1,1.6595510485028,3,1,20,0.5,0.15,165
0.93142026082773,1.36430613848376,0.793372770391052,1.81606887078292,0.94859178294908,1.10399189834079,0.297382514583915,1,1.37705365381318,3,1,20,0.5,0.15,166
1.07398356682296,2.85279742706411,0.9629776656929,3.06223604419686,2.65599529112712,2.54733896192332,-0.322613723846818,1,2.04655789861136,3,1,20,0.5,0.15,167
0.916838988123595,2.85051678182916,0.860682665526488,3.26545759449585,2.44399262575742,2.30247504591972,0.459212614201051,1,2.13558938520363,3,1,20,0.5,0.15,168
1.31328826248241,4.85793126654888,1.66923189756605,5.12339514388233,3.72732637043307,4.4330581239812,0.600604281863242,1,2.86589424218866,3,1,20,0.5,0.15,169
1.00589708742861,2.15052193846072,1.23920966321216,2.88145640458842,1.98223097724119,2.00417316747942,0.436062546139196,1,1.68130063342611,3,1,20,0.5,0.15,170
1.1470358911896,2.40059813354248,0.792665912490957,2.30295873232373,2.0192481602503,1.96164613282349,0.255036919397506,1,1.93593745906075,3,1,20,0.5,0.15,171
0.854504871066741,3.39366988869125,0.952244404567851,3.98312229412151,2.3834503209813,3.05407477815587,0.946997559532862,1,2.45201932090275,3,1,20,0.5,0.15,172
0.981474686835383,4.91828097007377,1.01778393220834,4.97360471992774,3.55920685066441,4.03443782036085,0.938741534967564,1,3.18845138681806,3,1,20,0.5,0.15,173
0.965875597333667,1.73526915187797,1.04885077967141,2.09371439865631,1.40160764920947,1.1963065273821,0.410552663420986,1,1.48185142093622,3,1,20,0.5,0.15,174
1.19828136306489,2.24940497934942,1.16600265962571,2.39789435827572,2.00979397586312,2.15766710209727,0.197123660141871,1,1.61237684440748,3,1,20,0.5,0.15,175
0.908286399070275,1.45483733801067,0.829444814577884,1.41371916167922,1.0952800518692,1.24594401207139,0.345397906149076,1,1.3742388676906,3,1,20,0.5,0.15,176
0.858132484845314,2.6425207540409,0.916837065702464,2.93410995187139,2.08789489727467,2.59460989543227,0.522236659489793,1,2.02853899190333,3,1,20,0.5,0.15,177
1.03184978674399,2.36802864443123,0.972645593467075,2.70091941998034,2.0608492919004,2.0413284657643,0.255116829751282,1,1.81905137589891,3,1,20,0.5,0.15,178
1.15040972013712,5.79843305725794,0.988178441018135,6.32586198747459,2.14905175023893,4.34049778646475,0.725116090424686,1,4.00310499171906,3,1,20,0.5,0.15,179
1.01155905789376,1.83603054708415,1.1875897300789,1.4248020278093,0.94727175716417,1.63119273750257,0.886566450706845,1,1.52739527671938,3,1,20,0.5,0.15,180
0.949397407743071,3.56782533896136,0.781780708136458,3.39355334732605,1.67425609135862,2.87424679747262,0.967723636120854,1,2.49020218256431,3,1,20,0.5,0.15,181
1.16553220531444,1.61148533978305,1.2359424477791,1.58400360955764,1.58862488966483,1.57514477977987,0.0760877210821413,1,1.26901136764696,3,1,20,0.5,0.15,182
1.10505313417877,2.85263707677506,0.888160736369619,3.05705330105881,2.80914368923553,2.63106438627504,-0.174507072460703,1,2.16289311636367,3,1,20,0.5,0.15,183
0.921546133413952,2.25184410112164,1.01809339076072,2.77702062450373,1.67768401406276,1.79543406859666,0.548821105161181,1,1.90765796522836,3,1,20,0.5,0.15,184
1.1461119191304,2.71035875256496,1.22009797334542,3.22866558924779,2.48659037040183,2.24642009603634,-0.0233152219480193,1,1.83062098419898,3,1,20,0.5,0.15,185
1.01658033572426,1.78686199394242,1.11542295825215,2.14245138781905,1.30484970626135,1.42559011610669,0.34897890832473,1,1.57024805173339,3,1,20,0.5,0.15,186
1.24197025253177,1.91804179162294,1.18155937584341,2.12195814261684,1.88841469717797,1.53737727797721,-0.00197968206092247,1,1.45118890035147,3,1,20,0.5,0.15,187
1.1084353207452,2.38769477990691,0.935873109602832,3.711580806556,2.00038957866749,2.19351237369758,0.289787961432048,1,2.53914284718412,3,1,20,0.5,0.15,188
1.21321384657574,7.30786210172339,1.15869584643947,10.2087635885753,5.28206861507012,6.7616401487189,2.22962873588983,1,5.73208555831354,3,1,20,0.5,0.15,189
1.11562914669489,2.79914968245837,0.974899413621169,2.92042307912418,2.38792296828741,2.31920622560853,0.284092794467224,1,2.09205768190728,3,1,20,0.5,0.15,190
0.96236076980302,2.71854721438011,0.699856289783725,2.78732010520405,1.89285781661295,2.26344781822941,0.315380139368533,1,2.02392735574612,3,1,20,0.5,0.15,191
1.0722571467679,4.36643420338081,0.923830364751126,5.03288016027459,3.00637629669097,3.74170269105492,0.46140210184227,1,2.90801579559033,3,1,20,0.5,0.15,192
1.2481686225094,2.76529605671909,1.35329243422468,2.73116531692543,1.99587067745543,2.25538562564695,-0.00271663280224588,1,1.88670916233832,3,1,20,0.5,0.15,193
1.06056790457604,3.21986707092076,0.729971971124724,2.94197011874352,2.51344061582326,2.90208467356227,0.509433294238751,1,2.10505116087367,3,1,20,0.5,0.15,194
1.10565829724708,1.66664326596023,1.04412331576898,1.52786161069924,1.62180553435322,1.49446027299533,0.0528093437110776,1,1.30118635091759,3,1,20,0.5,0.15,195
1.00134206240268,2.75300574650476,1.04119926608095,3.60779109883876,1.73313315037708,2.46594286136203,1.49833220320825,1,2.42385763298877,3,1,20,0.5,0.15,196
1.06781157411486,1.99684215484974,1.03342767016211,2.26876179269932,1.81289868999799,1.72924041333117,0.149104737920055,1,1.51263660824329,3,1,20,0.5,0.15,197
1.03563294761238,1.96668832841373,1.05697306108505,1.95513449535959,1.676216029864,1.56504215178686,-0.0326242208810077,1,1.64944102764201,3,1,20,0.5,0.15,198
1.01276188461223,2.11488578666072,0.809697152439524,2.05262777304665,1.84340018377368,1.76379423200766,0.401268755571987,1,1.62195608728912,3,1,20,0.5,0.15,199
1.04399219172545,1.9083960569404,1.12477080496087,2.17862227131823,1.66717346767269,1.73384130630696,0.0786681700010037,1,1.43714324039757,3,1,20,0.5,0.15,200
